projectDescriptionID,trapVisitID,visitTime,visitTime2,siteName,subSiteName,visitType,fishProcessed,trapFunctioning,counterAtStart,counterAtEnd,rpmRevolutionsAtStart,rpmRevolutionsAtEnd,includeCatch,discharge,waterVel,waterTemp,lightPenetration,turbidity,dissolvedOxygen,conductivity,trap_start_date,trap_end_date
9,8599,2025-01-02T12:30:16Z,2025-01-02T12:30:16Z,Knights Landing RST,8.3,Continue trapping,Processed fish,Trap functioning normally,NA,3736,2.70000004768372,2.5,Yes,24020,0.300000011920929,9.30000019073486,NA,89.0800018310547,91.6999969482422,145.5,NA,2025-01-02T12:30:16Z
9,8601,2025-01-03T10:30:13Z,2025-01-03T10:30:13Z,Knights Landing RST,8.3,Continue trapping,Processed fish,Trap functioning normally,NA,3100,2.70000004768372,2.20000004768372,Yes,23741,0.600000023841858,9.39999961853027,NA,61.2999992370605,93.4000015258789,156,2025-01-02T12:30:16Z,2025-01-03T10:30:13Z
9,8603,2025-01-04T10:30:08Z,2025-01-04T10:30:08Z,Knights Landing RST,8.3,Continue trapping,Processed fish,Trap functioning normally,NA,3848,2.29999995231628,3.5,Yes,24007,0.699999988079071,9.69999980926514,NA,50.7999992370605,94.0999984741211,157.899993896484,2025-01-03T10:30:13Z,2025-01-04T10:30:08Z
9,8605,2025-01-05T10:30:10Z,2025-01-05T10:30:10Z,Knights Landing RST,8.3,Continue trapping,Processed fish,Trap functioning normally,NA,3919,3.29999995231628,3.40000009536743,Yes,25039,0.699999988079071,10.1000003814697,NA,51.4099998474121,94.9000015258789,157.5,2025-01-04T10:30:08Z,2025-01-05T10:30:10Z
9,8607,2025-01-06T11:30:26Z,2025-01-06T11:30:26Z,Knights Landing RST,8.3,Continue trapping,Processed fish,Trap functioning normally,NA,2627,3.90000009536743,3.59999990463257,Yes,24609,0.800000011920929,10,NA,59.5,94.6999969482422,134.199996948242,2025-01-05T10:30:10Z,2025-01-06T11:30:26Z
9,8609,2025-01-07T10:00:18Z,2025-01-07T10:00:18Z,Knights Landing RST,8.3,Continue trapping,Processed fish,Trap functioning normally,NA,4545,3.90000009536743,3.5,Yes,23994,0.800000011920929,10,NA,40.439998626709,94.6999969482422,146.699996948242,2025-01-06T11:30:26Z,2025-01-07T10:00:18Z
9,8611,2025-01-08T12:30:16Z,2025-01-08T12:30:16Z,Knights Landing RST,8.3,Continue trapping,Processed fish,Trap functioning normally,NA,5329,3.29999995231628,3.20000004768372,Yes,23356,0.699999988079071,10.1999998092651,NA,34.2299995422363,94.6999969482422,153,2025-01-07T10:00:18Z,2025-01-08T12:30:16Z
9,8613,2025-01-09T11:15:44Z,2025-01-09T11:15:44Z,Knights Landing RST,8.3,Continue trapping,Processed fish,Trap functioning normally,NA,4358,3.90000009536743,3.79999995231628,Yes,22976,0.800000011920929,10.1000003814697,NA,28,94.5999984741211,151.199996948242,2025-01-08T12:30:16Z,2025-01-09T11:15:44Z
9,8615,2025-01-10T10:30:53Z,2025-01-10T10:30:53Z,Knights Landing RST,8.3,Continue trapping,Processed fish,Trap functioning normally,NA,4782,2.40000009536743,2.5,Yes,22749,0.800000011920929,10,NA,25.4899997711182,95.1999969482422,153.800003051758,2025-01-09T11:15:44Z,2025-01-10T10:30:53Z
9,8617,2025-01-11T10:45:32Z,2025-01-11T10:45:32Z,Knights Landing RST,8.3,Continue trapping,Processed fish,Trap functioning normally,NA,5135,3.59999990463257,4,Yes,22474,0.899999976158142,9.89999961853027,NA,25.1599998474121,95.1999969482422,159.600006103516,2025-01-10T10:30:53Z,2025-01-11T10:45:32Z
9,8619,2025-01-12T10:45:33Z,2025-01-12T10:45:33Z,Knights Landing RST,8.3,Unplanned restart,Processed fish,Trap stopped functioning,1173,NA,NA,3.90000009536743,Yes,22201,0.899999976158142,9.89999961853027,NA,21.1000003814697,94.9000015258789,159.399993896484,2025-01-11T10:45:32Z,2025-01-12T10:45:33Z
9,8621,2025-01-13T10:00:03Z,2025-01-13T10:00:03Z,Knights Landing RST,8.3,Continue trapping,Processed fish,Trap functioning normally,NA,5187,3.90000009536743,3.5,Yes,22011,0.899999976158142,9.60000038146973,NA,20.7399997711182,94.5,157.5,2025-01-12T10:45:33Z,2025-01-13T10:00:03Z
9,8624,2025-01-14T11:30:41Z,2025-01-14T11:30:41Z,Knights Landing RST,8.3,Continue trapping,Processed fish,Trap functioning normally,NA,5544,3.5,3.79999995231628,Yes,21656,0.800000011920929,9.30000019073486,NA,17.5499992370605,95.4000015258789,155.600006103516,2025-01-13T10:00:03Z,2025-01-14T11:30:41Z
9,8626,2025-01-15T10:45:57Z,2025-01-15T10:45:57Z,Knights Landing RST,8.3,Continue trapping,Processed fish,Trap functioning normally,NA,4921,3.59999990463257,3.5,Yes,21314,0.899999976158142,9.30000019073486,NA,17.9599990844727,95.6999969482422,155.100006103516,2025-01-14T11:30:41Z,2025-01-15T10:45:57Z
9,8628,2025-01-16T10:15:26Z,2025-01-16T10:15:26Z,Knights Landing RST,8.3,Continue trapping,Processed fish,Trap functioning normally,NA,5158,3.90000009536743,3.70000004768372,Yes,19900,0.899999976158142,9.39999961853027,NA,17.4699993133545,95.9000015258789,155.199996948242,2025-01-15T10:45:57Z,2025-01-16T10:15:26Z
9,8630,2025-01-17T10:30:56Z,2025-01-17T10:30:56Z,Knights Landing RST,8.3,Continue trapping,Processed fish,Trap functioning normally,NA,4865,3.59999990463257,3.29999995231628,Yes,18135,0.899999976158142,9.60000038146973,NA,14.8299999237061,94.5,164.899993896484,2025-01-16T10:15:26Z,2025-01-17T10:30:56Z
9,8632,2025-01-18T12:30:33Z,2025-01-18T12:30:33Z,Knights Landing RST,8.3,Continue trapping,Processed fish,Trap functioning normally,NA,4901,3.09999990463257,3.20000004768372,Yes,16308,0.800000011920929,9.44999980926514,NA,17.2399997711182,94.5999984741211,164.199996948242,2025-01-17T10:30:56Z,2025-01-18T12:30:33Z
9,8634,2025-01-19T10:15:36Z,2025-01-19T10:15:36Z,Knights Landing RST,8.3,Continue trapping,Processed fish,Trap functioning normally,NA,3869,3,3.09999990463257,Yes,14854,0.600000023841858,9.5,NA,16.4200000762939,94.3000030517578,166.699996948242,2025-01-18T12:30:33Z,2025-01-19T10:15:36Z
9,8636,2025-01-20T10:30:29Z,2025-01-20T10:30:29Z,Knights Landing RST,8.3,Continue trapping,Processed fish,Trap functioning normally,NA,4301,3.09999990463257,3.29999995231628,Yes,13578,0.800000011920929,9.60000038146973,NA,15.9799995422363,93.3000030517578,176.5,2025-01-19T10:15:36Z,2025-01-20T10:30:29Z
9,8638,2025-01-21T10:45:42Z,2025-01-21T10:45:42Z,Knights Landing RST,8.3,Continue trapping,Processed fish,Trap functioning normally,NA,4212,2.40000009536743,2.70000004768372,Yes,21461,0.800000011920929,9.30000019073486,NA,16.3099994659424,93.8000030517578,194.300003051758,2025-01-20T10:30:29Z,2025-01-21T10:45:42Z
9,8640,2025-01-22T10:30:06Z,2025-01-22T10:30:06Z,Knights Landing RST,8.3,Continue trapping,Processed fish,Trap functioning normally,NA,3652,2.70000004768372,2.59999990463257,Yes,11706,0.5,9.10000038146973,NA,17.2099990844727,93.8000030517578,194.5,2025-01-21T10:45:42Z,2025-01-22T10:30:06Z
9,8642,2025-01-23T10:30:57Z,2025-01-23T10:30:57Z,Knights Landing RST,8.3,Unplanned restart,Processed fish,Trap stopped functioning,3164,NA,NA,2.20000004768372,Yes,11370,0.5,8.89999961853027,NA,13.6499996185303,94.1999969482422,201.899993896484,2025-01-22T10:30:06Z,2025-01-23T10:30:57Z
9,8644,2025-01-24T10:15:33Z,2025-01-24T10:15:33Z,Knights Landing RST,8.3,Continue trapping,Processed fish,Trap functioning normally,NA,3296,2.59999990463257,2.5,Yes,11224,0.699999988079071,8.89999961853027,NA,14.039999961853,94.4000015258789,207.699996948242,2025-01-23T10:30:57Z,2025-01-24T10:15:33Z
9,8646,2025-01-25T10:00:28Z,2025-01-25T10:00:28Z,Knights Landing RST,8.3,Continue trapping,Processed fish,Trap functioning normally,NA,3319,2.20000004768372,2.40000009536743,Yes,10953,0.699999988079071,9,NA,14.25,94.1999969482422,201.800003051758,2025-01-24T10:15:33Z,2025-01-25T10:00:28Z
9,8648,2025-01-26T10:15:02Z,2025-01-26T10:15:02Z,Knights Landing RST,8.3,Continue trapping,Processed fish,Trap functioning normally,NA,3342,2.40000009536743,2.59999990463257,Yes,10705,0.600000023841858,9,NA,13.1999998092651,93.8000030517578,208.800003051758,2025-01-25T10:00:28Z,2025-01-26T10:15:02Z
9,8650,2025-01-27T10:15:32Z,2025-01-27T10:15:32Z,Knights Landing RST,8.3,Continue trapping,Processed fish,Trap functioning normally,NA,3328,2,2.20000004768372,Yes,10346,0.699999988079071,8.60000038146973,NA,12.6000003814697,93.9000015258789,213.100006103516,2025-01-26T10:15:02Z,2025-01-27T10:15:32Z
9,8652,2025-01-28T10:00:06Z,2025-01-28T10:00:06Z,Knights Landing RST,8.3,Continue trapping,Processed fish,Trap functioning normally,NA,3226,2.29999995231628,2.09999990463257,Yes,10041,0.699999988079071,8.39999961853027,NA,13.3299999237061,94.4000015258789,210.199996948242,2025-01-27T10:15:32Z,2025-01-28T10:00:06Z
9,8654,2025-01-29T13:15:04Z,2025-01-29T13:15:04Z,Knights Landing RST,8.3,Continue trapping,Processed fish,Trap functioning normally,NA,3255,2.09999990463257,2.09999990463257,Yes,9698,0.5,8.60000038146973,NA,11.6800003051758,95.5,210.300003051758,2025-01-28T10:00:06Z,2025-01-29T13:15:04Z
9,8656,2025-01-30T11:45:57Z,2025-01-30T11:45:57Z,Knights Landing RST,8.3,Continue trapping,Processed fish,Trap functioning normally,NA,2735,2.09999990463257,2.20000004768372,Yes,9518,0.5,8.60000038146973,NA,11.8299999237061,94.1999969482422,220.5,2025-01-29T13:15:04Z,2025-01-30T11:45:57Z
9,8658,2025-01-31T10:00:44Z,2025-01-31T10:00:44Z,Knights Landing RST,8.3,Continue trapping,Processed fish,"Trap functioning, but not normally",NA,2535,1.60000002384186,1.70000004768372,Yes,9438,0.5,8.69999980926514,NA,10.9700002670288,95.1999969482422,213.199996948242,2025-01-30T11:45:57Z,2025-01-31T10:00:44Z
9,8660,2025-02-01T10:15:50Z,2025-02-01T10:15:50Z,Knights Landing RST,8.3,End trapping,Processed fish,Trap functioning normally,NA,2298,1.79999995231628,NA,Yes,9518,0.5,9.10000038146973,NA,11.8400001525879,95,235.5,2025-01-31T10:00:44Z,2025-02-01T10:15:50Z
9,8662,2025-02-02T10:45:37Z,2025-02-02T10:45:37Z,Knights Landing RST,8.3,Service/adjust/clean trap,N/A; not a sampling visit,Trap not in service,NA,NA,NA,NA,Yes,10265,NA,9.39999961853027,NA,19.6599998474121,96.0999984741211,222.600006103516,2025-02-02T10:45:37Z,2025-02-02T10:45:37Z
9,8664,2025-02-03T12:15:16Z,2025-02-03T12:15:16Z,Knights Landing RST,8.3,Service/adjust/clean trap,N/A; not a sampling visit,Trap not in service,NA,NA,NA,NA,Yes,NA,NA,NA,NA,NA,NA,NA,2025-02-03T12:15:16Z,2025-02-03T12:15:16Z
9,8666,2025-02-05T11:15:31Z,2025-02-05T11:15:31Z,Knights Landing RST,8.3,Service/adjust/clean trap,N/A; not a sampling visit,Trap stopped functioning,NA,NA,NA,NA,Yes,26532,NA,10.5,NA,273,90.9000015258789,93.1999969482422,2025-02-05T11:15:31Z,2025-02-05T11:15:31Z
9,8668,2025-02-07T10:30:34Z,2025-02-07T10:30:34Z,Knights Landing RST,8.3,Start trap & begin trapping,N/A; not a sampling visit,Trap not in service,NA,NA,NA,3.09999990463257,Yes,27489,NA,9.30000019073486,NA,218.289993286133,84.5,103.599998474121,2025-02-07T10:30:34Z,2025-02-07T10:30:34Z
9,8670,2025-02-07T13:45:17Z,2025-02-07T13:45:17Z,Knights Landing RST,8.3,End trapping,Processed fish,Trap functioning normally,NA,486,NA,NA,Yes,NA,NA,NA,NA,NA,NA,NA,2025-02-07T10:30:34Z,2025-02-07T13:45:17Z
9,8673,2025-02-08T09:45:59Z,2025-02-08T09:45:59Z,Knights Landing RST,8.3,Start trap & begin trapping,N/A; not a sampling visit,Trap not in service,NA,NA,NA,2.79999995231628,Yes,27474,0.600000023841858,8.39999961853027,NA,145,86.5,74.9000015258789,2025-02-08T09:45:59Z,2025-02-08T09:45:59Z
9,8675,2025-02-09T10:45:53Z,2025-02-09T10:45:53Z,Knights Landing RST,8.3,Unplanned restart,Processed fish,Trap stopped functioning,730,NA,NA,2.29999995231628,Yes,27331,0.5,7.80000019073486,NA,114.889999389648,90.5,120.199996948242,2025-02-08T09:45:59Z,2025-02-09T10:45:53Z
9,8677,2025-02-10T10:45:36Z,2025-02-10T10:45:36Z,Knights Landing RST,8.3,Continue trapping,Processed fish,Trap functioning normally,NA,3734,3.5,2.70000004768372,Yes,27145,0.699999988079071,8.19999980926514,NA,82,91.9000015258789,90.5,2025-02-09T10:45:53Z,2025-02-10T10:45:36Z
9,8679,2025-02-11T11:00:19Z,2025-02-11T11:00:19Z,Knights Landing RST,8.3,Continue trapping,Processed fish,Trap functioning normally,NA,3612,2.59999990463257,3.09999990463257,Yes,27045,0.600000023841858,8.5,NA,77.0599975585938,93,143,2025-02-10T10:45:36Z,2025-02-11T11:00:19Z
9,8681,2025-02-12T10:45:11Z,2025-02-12T10:45:11Z,Knights Landing RST,8.3,Continue trapping,Processed fish,Trap functioning normally,NA,4169,2.59999990463257,2.40000009536743,Yes,26874,0.699999988079071,8.5,NA,54.9900016784668,92.6999969482422,143.600006103516,2025-02-11T11:00:19Z,2025-02-12T10:45:11Z
9,8683,2025-02-13T10:15:57Z,2025-02-13T10:15:57Z,Knights Landing RST,8.3,Continue trapping,Processed fish,Trap functioning normally,NA,NA,1.70000004768372,2.40000009536743,Yes,26845,0.600000023841858,8.69999980926514,NA,49.0299987792969,93.6999969482422,143.600006103516,2025-02-12T10:45:11Z,2025-02-13T10:15:57Z
9,8685,2025-02-14T10:00:04Z,2025-02-14T10:00:04Z,Knights Landing RST,8.3,Continue trapping,Processed fish,Trap functioning normally,NA,3530,2.59999990463257,3.09999990463257,Yes,26816,0.600000023841858,8.80000019073486,NA,43.1300010681152,93.9000015258789,144.800003051758,2025-02-13T10:15:57Z,2025-02-14T10:00:04Z
9,8687,2025-02-15T10:00:16Z,2025-02-15T10:00:16Z,Knights Landing RST,8.3,Continue trapping,Processed fish,Trap functioning normally,NA,3344,2.90000009536743,2.90000009536743,Yes,26816,0.5,9.10000038146973,NA,45.2599983215332,92.6999969482422,145.699996948242,2025-02-14T10:00:04Z,2025-02-15T10:00:16Z
9,8689,2025-02-16T10:00:39Z,2025-02-16T10:00:39Z,Knights Landing RST,8.3,Continue trapping,Processed fish,Trap functioning normally,NA,3641,2.29999995231628,2.59999990463257,Yes,26731,0.5,9.10000038146973,NA,48,92.5,97.5999984741211,2025-02-15T10:00:16Z,2025-02-16T10:00:39Z
9,8691,2025-02-17T10:00:18Z,2025-02-17T10:00:18Z,Knights Landing RST,8.3,Continue trapping,Processed fish,Trap functioning normally,NA,3650,2.29999995231628,2.70000004768372,Yes,26461,0.400000005960464,9.30000019073486,NA,42.3800010681152,94,142.699996948242,2025-02-16T10:00:39Z,2025-02-17T10:00:18Z
9,8693,2025-02-18T11:00:57Z,2025-02-18T11:00:57Z,Knights Landing RST,8.3,Continue trapping,Processed fish,Trap functioning normally,NA,3975,2.79999995231628,3.29999995231628,Yes,26191,0.600000023841858,9.5,NA,37.4000015258789,95.3000030517578,148.699996948242,2025-02-17T10:00:18Z,2025-02-18T11:00:57Z
9,8695,2025-02-19T10:30:11Z,2025-02-19T10:30:11Z,Knights Landing RST,8.3,Continue trapping,Processed fish,Trap functioning normally,NA,3811,2.70000004768372,2.40000009536743,Yes,25994,0.5,9.69999980926514,NA,34.9799995422363,95.9000015258789,149,2025-02-18T11:00:57Z,2025-02-19T10:30:11Z
9,8697,2025-02-20T10:30:03Z,2025-02-20T10:30:03Z,Knights Landing RST,8.3,Continue trapping,Processed fish,Trap functioning normally,NA,4098,2.90000009536743,2.70000004768372,Yes,25631,0.600000023841858,9.89999961853027,NA,37.6800003051758,95.6999969482422,153.800003051758,2025-02-19T10:30:11Z,2025-02-20T10:30:03Z
9,8699,2025-02-21T10:45:13Z,2025-02-21T10:45:13Z,Knights Landing RST,8.3,Continue trapping,Processed fish,Trap functioning normally,NA,4083,3,2.70000004768372,Yes,25296,0.699999988079071,9.80000019073486,NA,38.0200004577637,95.6999969482422,154.5,2025-02-20T10:30:03Z,2025-02-21T10:45:13Z
9,8701,2025-02-22T10:00:13Z,2025-02-22T10:00:13Z,Knights Landing RST,8.3,Continue trapping,Processed fish,Trap functioning normally,NA,3699,2.90000009536743,2.59999990463257,Yes,24892,0.5,10.1000003814697,NA,40.060001373291,94.9000015258789,158.899993896484,2025-02-21T10:45:13Z,2025-02-22T10:00:13Z
9,8733,2025-02-23T10:00:37Z,2025-02-23T10:00:37Z,Knights Landing RST,8.3,Continue trapping,Processed fish,Trap functioning normally,NA,3509,2.40000009536743,2.29999995231628,Yes,24314,0.5,10.3000001907349,NA,39.0400009155273,95.1999969482422,161.100006103516,2025-02-22T10:00:13Z,2025-02-23T10:00:37Z
9,8735,2025-02-24T10:15:36Z,2025-02-24T10:15:36Z,Knights Landing RST,8.3,Continue trapping,Processed fish,Trap functioning normally,NA,3570,2.29999995231628,2.29999995231628,Yes,23741,0.600000023841858,10.6999998092651,NA,40.3499984741211,94.5,165,2025-02-23T10:00:37Z,2025-02-24T10:15:36Z
9,8737,2025-02-25T10:30:11Z,2025-02-25T10:30:11Z,Knights Landing RST,8.3,Unplanned restart,Processed fish,Trap stopped functioning,3441,NA,NA,2.90000009536743,Yes,23290,0.699999988079071,10.8999996185303,NA,36.7360000610352,94,172,2025-02-24T10:15:36Z,2025-02-25T10:30:11Z
9,8739,2025-02-26T11:00:04Z,2025-02-26T11:00:04Z,Knights Landing RST,8.3,Continue trapping,Processed fish,Trap functioning normally,NA,4078,2.29999995231628,2.5,Yes,22749,0.5,11.1000003814697,NA,41.5299987792969,94.1999969482422,172.199996948242,2025-02-25T10:30:11Z,2025-02-26T11:00:04Z
9,8741,2025-02-27T13:30:33Z,2025-02-27T13:30:33Z,Knights Landing RST,8.3,Continue trapping,Processed fish,Trap functioning normally,NA,4551,3.09999990463257,3.29999995231628,Yes,22106,0.5,11.5,NA,43.7000007629395,93.9000015258789,176.699996948242,2025-02-26T11:00:04Z,2025-02-27T13:30:33Z
9,8743,2025-02-28T10:30:40Z,2025-02-28T10:30:40Z,Knights Landing RST,8.3,Continue trapping,Processed fish,Trap functioning normally,NA,3502,2.59999990463257,2.40000009536743,Yes,21008,0.699999988079071,11.1999998092651,NA,37.0800018310547,93.5999984741211,176.300003051758,2025-02-27T13:30:33Z,2025-02-28T10:30:40Z
9,8745,2025-03-01T10:00:28Z,2025-03-01T10:00:28Z,Knights Landing RST,8.3,Continue trapping,Processed fish,Trap functioning normally,NA,3728,2.59999990463257,2.79999995231628,Yes,19392,0.600000023841858,11.5,NA,44.9300003051758,93.0999984741211,181.5,2025-02-28T10:30:40Z,2025-03-01T10:00:28Z
9,8747,2025-03-02T09:45:09Z,2025-03-02T09:45:09Z,Knights Landing RST,8.3,Unplanned restart,Processed fish,Trap stopped functioning,329,NA,NA,3.20000004768372,Yes,18011,0.5,12,NA,34.2799987792969,92.8000030517578,185,2025-03-01T10:00:28Z,2025-03-02T09:45:09Z
9,8756,2025-03-03T10:15:03Z,2025-03-03T10:15:03Z,Knights Landing RST,8.3,Continue trapping,Processed fish,Trap functioning normally,NA,3940,3,3.09999990463257,Yes,17037,0.699999988079071,12.1000003814697,NA,35.060001373291,91.9000015258789,189.399993896484,2025-03-02T09:45:09Z,2025-03-03T10:15:03Z
9,8758,2025-03-04T10:45:53Z,2025-03-04T10:45:53Z,Knights Landing RST,8.3,Continue trapping,Processed fish,Trap functioning normally,NA,4064,2.90000009536743,3.20000004768372,Yes,18841,0.699999988079071,12.1000003814697,NA,27.6399993896484,92.9000015258789,184.100006103516,2025-03-03T10:15:03Z,2025-03-04T10:45:53Z
9,8760,2025-03-05T10:15:14Z,2025-03-05T10:15:14Z,Knights Landing RST,8.3,Unplanned restart,Processed fish,Trap stopped functioning,2432,NA,NA,3.5,Yes,17290,0.699999988079071,11.5,NA,26.6399993896484,95.9000015258789,163.800003051758,2025-03-04T10:45:53Z,2025-03-05T10:15:14Z
9,8766,2025-03-06T10:30:15Z,2025-03-06T10:30:15Z,Knights Landing RST,8.3,Continue trapping,Processed fish,Trap functioning normally,NA,4203,3.20000004768372,3,Yes,15907,0.600000023841858,11.6000003814697,NA,24.3700008392334,93.4000015258789,168.199996948242,2025-03-05T10:15:14Z,2025-03-06T10:30:15Z
9,8768,2025-03-07T11:45:22Z,2025-03-07T11:45:22Z,Knights Landing RST,8.3,Continue trapping,Processed fish,Trap functioning normally,NA,4397,2.79999995231628,3.40000009536743,Yes,15101,0.600000023841858,11.6000003814697,NA,23.6200008392334,93.4000015258789,181.100006103516,2025-03-06T10:30:15Z,2025-03-07T11:45:22Z
9,8770,2025-03-08T10:15:39Z,2025-03-08T10:15:39Z,Knights Landing RST,8.3,Continue trapping,Processed fish,Trap functioning normally,NA,3967,2.79999995231628,3.09999990463257,Yes,14719,0.699999988079071,11.5,NA,24.8299999237061,93.8000030517578,185.5,2025-03-07T11:45:22Z,2025-03-08T10:15:39Z
9,8776,2025-03-09T14:15:09Z,2025-03-09T14:15:09Z,Knights Landing RST,8.3,Continue trapping,Processed fish,Trap functioning normally,NA,4690,3.09999990463257,3,Yes,14118,0.699999988079071,12.3000001907349,NA,26.8400001525879,94.8000030517578,183.300003051758,2025-03-08T10:15:39Z,2025-03-09T14:15:09Z
9,8778,2025-03-10T11:00:02Z,2025-03-10T11:00:02Z,Knights Landing RST,8.3,Continue trapping,Processed fish,Trap functioning normally,NA,3615,2.90000009536743,3,Yes,13775,0.600000023841858,12,NA,21.8500003814697,95.6999969482422,177.699996948242,2025-03-09T14:15:09Z,2025-03-10T11:00:02Z
9,8780,2025-03-11T10:15:30Z,2025-03-11T10:15:30Z,Knights Landing RST,8.3,Continue trapping,Processed fish,Trap functioning normally,NA,4076,2.90000009536743,3.09999990463257,Yes,13534,0.699999988079071,12.1000003814697,NA,24.4400005340576,95.0999984741211,181.5,2025-03-10T11:00:02Z,2025-03-11T10:15:30Z
9,8782,2025-03-12T10:30:24Z,2025-03-12T10:30:24Z,Knights Landing RST,8.3,Continue trapping,Processed fish,Trap functioning normally,NA,4099,2.79999995231628,2.90000009536743,Yes,13152,0.699999988079071,12.3999996185303,NA,20.2800006866455,94.5999984741211,193.300003051758,2025-03-11T10:15:30Z,2025-03-12T10:30:24Z
9,8784,2025-03-13T10:30:09Z,2025-03-13T10:30:09Z,Knights Landing RST,8.3,End trapping,Processed fish,Trap stopped functioning,3931,NA,NA,NA,Yes,13152,0.699999988079071,12.1000003814697,NA,22.7199993133545,93.8000030517578,183.5,2025-03-12T10:30:24Z,2025-03-13T10:30:09Z
9,8786,2025-03-14T10:45:12Z,2025-03-14T10:45:12Z,Knights Landing RST,8.3,Start trap & begin trapping,N/A; not a sampling visit,Trap not in service,NA,40,NA,2.90000009536743,Yes,14910,0.800000011920929,11.5,NA,22.1800003051758,94.0999984741211,185.699996948242,2025-03-14T10:45:12Z,2025-03-14T10:45:12Z
9,8788,2025-03-15T10:30:22Z,2025-03-15T13:23:22Z,Knights Landing RST,8.3,Continue trapping,Processed fish,Trap functioning normally,NA,3872,2.5,2.79999995231628,Yes,15656,0.600000023841858,10.8999996185303,NA,27.2999992370605,94,169.399993896484,2025-03-14T10:45:12Z,2025-03-15T10:30:22Z
9,8816,2025-03-16T09:45:50Z,2025-03-16T09:45:50Z,Knights Landing RST,8.3,Unplanned restart,Processed fish,Trap stopped functioning,2171,NA,NA,2.59999990463257,Yes,16527,0.5,10.3000001907349,NA,21.8999996185303,95.6999969482422,163.300003051758,2025-03-15T13:23:22Z,2025-03-16T09:45:50Z
9,8818,2025-03-17T10:30:57Z,2025-03-17T10:30:57Z,Knights Landing RST,8.3,Continue trapping,Processed fish,Trap functioning normally,NA,3991,2.59999990463257,2.79999995231628,Yes,16343,0.699999988079071,10.1000003814697,NA,22.25,97.6999969482422,155.800003051758,2025-03-16T09:45:50Z,2025-03-17T10:30:57Z
9,8820,2025-03-18T10:30:17Z,2025-03-18T10:30:17Z,Knights Landing RST,8.3,Unplanned restart,Processed fish,Trap stopped functioning,3296,NA,NA,2.70000004768372,Yes,19634,0.600000023841858,10.1999998092651,NA,18.3099994659424,96.3000030517578,163.5,2025-03-17T10:30:57Z,2025-03-18T10:30:17Z
9,8852,2025-03-19T13:30:20Z,2025-03-19T13:30:20Z,Knights Landing RST,8.3,Unplanned restart,Processed fish,Trap stopped functioning,2387,NA,NA,2.59999990463257,Yes,22201,NA,10.3999996185303,NA,58.0900001525879,97.0999984741211,137.699996948242,2025-03-18T10:30:17Z,2025-03-19T13:30:20Z
9,8854,2025-03-20T10:15:00Z,2025-03-20T10:15:00Z,Knights Landing RST,8.3,Continue trapping,Processed fish,Trap functioning normally,NA,3586,3.09999990463257,3.20000004768372,Yes,20727,0.5,10,NA,46.6199989318848,96.3000030517578,124.199996948242,2025-03-19T13:30:20Z,2025-03-20T10:15:00Z
9,8856,2025-03-21T10:30:44Z,2025-03-21T10:30:44Z,Knights Landing RST,8.3,Continue trapping,Processed fish,Trap functioning normally,NA,4475,2.70000004768372,3.09999990463257,Yes,22367,0.699999988079071,10.5,NA,25.0499992370605,96.8000030517578,136.600006103516,2025-03-20T10:15:00Z,2025-03-21T10:30:44Z
9,8858,2025-03-22T10:30:00Z,2025-03-22T10:30:00Z,Knights Landing RST,8.3,Unplanned restart,Processed fish,Trap stopped functioning,309,NA,NA,3.09999990463257,Yes,22510,0.600000023841858,10.3999996185303,NA,29.1100006103516,98.1999969482422,125.800003051758,2025-03-21T10:30:44Z,2025-03-22T10:30:00Z
9,8860,2025-03-23T10:30:59Z,2025-03-23T10:30:59Z,Knights Landing RST,8.3,Unplanned restart,Processed fish,Trap stopped functioning,230,NA,NA,3.79999995231628,Yes,22403,0.699999988079071,10.8000001907349,NA,20.9699993133545,98.1999969482422,131.399993896484,2025-03-22T10:30:00Z,2025-03-23T10:30:59Z
9,8862,2025-03-24T10:15:45Z,2025-03-24T10:15:45Z,Knights Landing RST,8.3,Continue trapping,Processed fish,Trap functioning normally,NA,4634,3.79999995231628,3.70000004768372,Yes,22272,0.699999988079071,11.3000001907349,NA,19.8899993896484,98.6999969482422,134.300003051758,2025-03-23T10:30:59Z,2025-03-24T10:15:45Z
9,8866,2025-03-24T10:15:49Z,2025-03-24T10:15:49Z,Knights Landing RST,8.3,Continue trapping,Processed fish,Trap functioning normally,NA,4790,3.09999990463257,3,Yes,20365,NA,13.3000001907349,NA,20.8400001525879,97.8000030517578,142.600006103516,2025-03-24T10:15:45Z,2025-03-24T10:15:49Z
9,8864,2025-03-25T10:30:32Z,2025-03-25T10:30:32Z,Knights Landing RST,8.3,Continue trapping,Processed fish,Trap functioning normally,NA,4908,3.59999990463257,3.09999990463257,Yes,21573,0.699999988079071,12.5,NA,17.6800003051758,98.5999984741211,137.399993896484,2025-03-24T10:15:49Z,2025-03-25T10:30:32Z
9,8888,2025-03-27T10:30:56Z,2025-03-27T10:30:56Z,Knights Landing RST,8.3,Continue trapping,Processed fish,Trap functioning normally,NA,4524,2.90000009536743,3.29999995231628,Yes,19116,0.600000023841858,14.1000003814697,NA,20.7199993133545,96.9000015258789,146.699996948242,2025-03-25T10:30:32Z,2025-03-27T10:30:56Z
9,8890,2025-03-28T11:30:25Z,2025-03-28T11:30:25Z,Knights Landing RST,8.3,Continue trapping,Processed fish,Trap functioning normally,NA,4337,2.79999995231628,3,Yes,17694,0.400000005960464,14.3000001907349,NA,20.2000007629395,96.4000015258789,148.899993896484,2025-03-27T10:30:56Z,2025-03-28T11:30:25Z
9,8892,2025-03-29T10:30:28Z,2025-03-29T10:30:28Z,Knights Landing RST,8.3,Unplanned restart,Processed fish,Trap stopped functioning,3454,NA,NA,2.70000004768372,Yes,17436,0.600000023841858,14,NA,25.5300006866455,98.0999984741211,154.300003051758,2025-03-28T11:30:25Z,2025-03-29T10:30:28Z
9,8894,2025-03-30T10:30:29Z,2025-03-30T10:30:29Z,Knights Landing RST,8.3,Continue trapping,Processed fish,Trap functioning normally,NA,3272,2.79999995231628,2.70000004768372,Yes,17413,0.699999988079071,13.6000003814697,NA,20.5499992370605,95.8000030517578,152.600006103516,2025-03-29T10:30:28Z,2025-03-30T10:30:29Z
9,8896,2025-03-31T10:30:07Z,2025-03-31T10:30:07Z,Knights Landing RST,8.3,Continue trapping,Processed fish,Trap functioning normally,NA,3938,2.70000004768372,2.79999995231628,Yes,17234,0.5,12.8999996185303,NA,18.1700000762939,96.3000030517578,149.300003051758,2025-03-30T10:30:29Z,2025-03-31T10:30:07Z
9,8898,2025-04-01T10:00:44Z,2025-04-01T10:00:44Z,Knights Landing RST,8.3,Continue trapping,Processed fish,Trap functioning normally,NA,3914,3,2.70000004768372,Yes,18192,0.699999988079071,12.1000003814697,NA,15.6999998092651,96.4400024414063,446.5,2025-03-31T10:30:07Z,2025-04-01T10:00:44Z
9,8900,2025-04-02T10:45:30Z,2025-04-02T10:45:30Z,Knights Landing RST,8.3,Unplanned restart,Processed fish,Trap stopped functioning,3841,NA,NA,3.5,Yes,19346,0.600000023841858,11.3000001907349,NA,17.4300003051758,96.6999969482422,137.699996948242,2025-04-01T10:00:44Z,2025-04-02T10:45:30Z
9,8902,2025-04-03T10:15:13Z,2025-04-03T10:15:13Z,Knights Landing RST,8.3,Unplanned restart,Processed fish,Trap stopped functioning,2119,NA,NA,3.40000009536743,Yes,20016,0.5,11.1999998092651,NA,21.6000003814697,96.8000030517578,136.100006103516,2025-04-02T10:45:30Z,2025-04-03T10:15:13Z
9,8904,2025-04-04T10:30:19Z,2025-04-04T10:30:19Z,Knights Landing RST,8.3,Continue trapping,Processed fish,Trap functioning normally,NA,4257,2.09999990463257,3.40000009536743,Yes,18910,0.600000023841858,11.3999996185303,NA,22.2299995422363,97.9000015258789,131.800003051758,2025-04-03T10:15:13Z,2025-04-04T10:30:19Z
9,8906,2025-04-05T10:00:51Z,2025-04-05T10:00:51Z,Knights Landing RST,8.3,Unplanned restart,Processed fish,Trap stopped functioning,2857,NA,NA,2.5,Yes,17188,0.5,12.3000001907349,NA,20.8400001525879,97.1999969482422,141.399993896484,2025-04-04T10:30:19Z,2025-04-05T10:00:51Z
9,8908,2025-04-06T10:00:07Z,2025-04-06T10:00:07Z,Knights Landing RST,8.3,Unplanned restart,Processed fish,Trap stopped functioning,347,NA,NA,2.40000009536743,Yes,15815,0.5,13.3000001907349,NA,27.1499996185303,96.9000015258789,150.899993896484,2025-04-05T10:00:51Z,2025-04-06T10:00:07Z
9,8910,2025-04-07T11:30:10Z,2025-04-07T11:30:10Z,Knights Landing RST,8.3,Unplanned restart,Processed fish,Trap functioning normally,2655,NA,NA,2.09999990463257,Yes,14876,0.5,14.1999998092651,NA,24.9099998474121,96.4000015258789,152.800003051758,2025-04-06T10:00:07Z,2025-04-07T11:30:10Z
9,8912,2025-04-08T10:30:35Z,2025-04-08T10:30:35Z,Knights Landing RST,8.3,Continue trapping,Processed fish,Trap functioning normally,NA,3133,2.29999995231628,2.59999990463257,Yes,144151,NA,14.5,NA,23.9500007629395,96,162.199996948242,2025-04-07T11:30:10Z,2025-04-08T10:30:35Z
9,8914,2025-04-09T12:00:08Z,2025-04-09T12:00:08Z,Knights Landing RST,8.3,Unplanned restart,Processed fish,Trap stopped functioning,1669,NA,NA,2.5,Yes,14418,0.600000023841858,15.3000001907349,NA,23.8500003814697,96.4000015258789,159.600006103516,2025-04-08T10:30:35Z,2025-04-09T12:00:08Z
9,8916,2025-04-10T11:00:11Z,2025-04-10T11:00:11Z,Knights Landing RST,8.3,Continue trapping,Processed fish,Trap functioning normally,NA,3346,2.70000004768372,2.59999990463257,Yes,14140,0.600000023841858,15.5,NA,26.8199996948242,96.5,154.399993896484,2025-04-09T12:00:08Z,2025-04-10T11:00:11Z
9,8918,2025-04-11T11:00:58Z,2025-04-11T11:00:58Z,Knights Landing RST,8.3,Unplanned restart,Processed fish,Trap functioning normally,814,NA,NA,2.29999995231628,Yes,13446,0.600000023841858,16,NA,22.6499996185303,96.0999984741211,154.699996948242,2025-04-10T11:00:11Z,2025-04-11T11:00:58Z
9,8920,2025-04-12T10:30:15Z,2025-04-12T10:30:15Z,Knights Landing RST,8.3,Unplanned restart,Processed fish,Trap functioning normally,716,NA,NA,2.20000004768372,Yes,12805,0.5,16.2999992370605,NA,27.7600002288818,95,163,2025-04-11T11:00:58Z,2025-04-12T10:30:15Z
9,8922,2025-04-13T11:30:26Z,2025-04-13T11:30:26Z,Knights Landing RST,8.3,Continue trapping,Processed fish,Trap functioning normally,NA,3086,2,1.89999997615814,Yes,12504,NA,16.7999992370605,NA,23.2000007629395,94.0999984741211,161.399993896484,2025-04-12T10:30:15Z,2025-04-13T11:30:26Z
9,8924,2025-04-14T11:00:09Z,2025-04-14T11:00:09Z,Knights Landing RST,8.3,Unplanned restart,Processed fish,Trap stopped functioning,712,NA,NA,2.40000009536743,Yes,12258,NA,16.7999992370605,NA,22.75,94.1999969482422,170.5,2025-04-13T11:30:26Z,2025-04-14T11:00:09Z
9,8926,2025-04-15T12:00:51Z,2025-04-15T12:00:51Z,Knights Landing RST,8.3,Unplanned restart,Processed fish,Trap stopped functioning,730,NA,NA,2.09999990463257,Yes,11769,0.600000023841858,16.8999996185303,NA,21.2999992370605,94.6999969482422,170.399993896484,2025-04-14T11:00:09Z,2025-04-15T12:00:51Z
9,8928,2025-04-16T11:30:50Z,2025-04-16T11:30:50Z,Knights Landing RST,8.3,Unplanned restart,Processed fish,Trap stopped functioning,1069,NA,NA,1.79999995231628,Yes,11548,0.600000023841858,16.7999992370605,NA,23.1000003814697,94.5999984741211,168.800003051758,2025-04-15T12:00:51Z,2025-04-16T11:30:50Z
9,8930,2025-04-17T10:45:04Z,2025-04-17T10:45:04Z,Knights Landing RST,8.3,Continue trapping,Processed fish,Trap functioning normally,NA,3117,2.40000009536743,2.5,Yes,11088,0.600000023841858,17,NA,21.0900001525879,94.6999969482422,169.300003051758,2025-04-16T11:30:50Z,2025-04-17T10:45:04Z
9,8598,2025-01-01T13:30:48Z,2025-01-01T13:30:48Z,Knights Landing RST,8.4,Continue trapping,Processed fish,Trap functioning normally,NA,3972,2.20000004768372,2.5,Yes,NA,NA,NA,NA,NA,NA,NA,2025-04-17T10:45:04Z,2025-01-01T13:30:48Z
9,8600,2025-01-02T10:45:37Z,2025-01-02T10:45:37Z,Knights Landing RST,8.4,Continue trapping,Processed fish,Trap functioning normally,NA,3361,3.09999990463257,3,Yes,NA,NA,NA,NA,NA,NA,NA,2025-01-01T13:30:48Z,2025-01-02T10:45:37Z
9,8602,2025-01-03T11:15:53Z,2025-01-03T11:15:53Z,Knights Landing RST,8.4,Continue trapping,Processed fish,Trap functioning normally,NA,3603,2,2.59999990463257,Yes,NA,NA,NA,NA,NA,NA,NA,2025-01-02T10:45:37Z,2025-01-03T11:15:53Z
9,8604,2025-01-04T11:15:39Z,2025-01-04T11:15:39Z,Knights Landing RST,8.4,Continue trapping,Processed fish,Trap functioning normally,NA,3776,2.59999990463257,2.90000009536743,Yes,NA,NA,NA,NA,NA,NA,NA,2025-01-03T11:15:53Z,2025-01-04T11:15:39Z
9,8606,2025-01-05T10:30:48Z,2025-01-05T10:30:48Z,Knights Landing RST,8.4,Continue trapping,Processed fish,Trap functioning normally,NA,4167,2.5,2.59999990463257,Yes,NA,NA,NA,NA,NA,NA,NA,2025-01-04T11:15:39Z,2025-01-05T10:30:48Z
9,8608,2025-01-06T11:30:46Z,2025-01-06T11:30:46Z,Knights Landing RST,8.4,Continue trapping,Processed fish,Trap functioning normally,NA,4642,3.5,3.59999990463257,Yes,NA,NA,NA,NA,NA,NA,NA,2025-01-05T10:30:48Z,2025-01-06T11:30:46Z
9,8610,2025-01-07T10:00:01Z,2025-01-07T10:00:01Z,Knights Landing RST,8.4,Continue trapping,Processed fish,Trap functioning normally,NA,4546,3.59999990463257,3.29999995231628,Yes,NA,NA,NA,NA,NA,NA,NA,2025-01-06T11:30:46Z,2025-01-07T10:00:01Z
9,8612,2025-01-08T00:15:47Z,2025-01-08T00:15:47Z,Knights Landing RST,8.4,Unplanned restart,Processed fish,Trap stopped functioning,1386,NA,NA,2.79999995231628,Yes,NA,NA,NA,NA,NA,NA,NA,2025-01-07T10:00:01Z,2025-01-08T00:15:47Z
9,8614,2025-01-09T12:15:58Z,2025-01-09T12:15:58Z,Knights Landing RST,8.4,Continue trapping,Processed fish,Trap functioning normally,NA,4427,3.59999990463257,3.70000004768372,Yes,NA,NA,NA,NA,NA,NA,NA,2025-01-08T00:15:47Z,2025-01-09T12:15:58Z
9,8616,2025-01-10T10:30:06Z,2025-01-10T10:30:06Z,Knights Landing RST,8.4,Continue trapping,Processed fish,Trap functioning normally,NA,4353,3.5,3.20000004768372,Yes,NA,NA,NA,NA,NA,NA,NA,2025-01-09T12:15:58Z,2025-01-10T10:30:06Z
9,8618,2025-01-11T10:30:38Z,2025-01-11T10:30:38Z,Knights Landing RST,8.4,Continue trapping,Processed fish,Trap functioning normally,NA,4942,3.5,3.90000009536743,Yes,NA,NA,NA,NA,NA,NA,NA,2025-01-10T10:30:06Z,2025-01-11T10:30:38Z
9,8620,2025-01-12T11:00:10Z,2025-01-12T11:00:10Z,Knights Landing RST,8.4,Unplanned restart,Processed fish,Trap stopped functioning,4850,NA,NA,3.5,Yes,NA,NA,NA,NA,NA,NA,NA,2025-01-11T10:30:38Z,2025-01-12T11:00:10Z
9,8622,2025-01-13T10:15:49Z,2025-01-13T10:15:49Z,Knights Landing RST,8.4,Continue trapping,Processed fish,Trap functioning normally,NA,5045,3.5,3.70000004768372,Yes,NA,NA,NA,NA,NA,NA,NA,2025-01-12T11:00:10Z,2025-01-13T10:15:49Z
9,8625,2025-01-14T10:30:05Z,2025-01-14T10:30:05Z,Knights Landing RST,8.4,Continue trapping,Processed fish,Trap functioning normally,NA,5071,3.29999995231628,3.70000004768372,Yes,NA,NA,NA,NA,NA,NA,NA,2025-01-13T10:15:49Z,2025-01-14T10:30:05Z
9,8627,2025-01-15T10:30:06Z,2025-01-15T10:30:06Z,Knights Landing RST,8.4,Continue trapping,Processed fish,Not recorded,NA,4911,3.29999995231628,3.59999990463257,Yes,NA,NA,NA,NA,NA,NA,NA,2025-01-14T10:30:05Z,2025-01-15T10:30:06Z
9,8629,2025-01-16T10:15:31Z,2025-01-16T10:15:31Z,Knights Landing RST,8.4,Continue trapping,Processed fish,Trap functioning normally,NA,4986,3.79999995231628,3.59999990463257,Yes,NA,NA,NA,NA,NA,NA,NA,2025-01-15T10:30:06Z,2025-01-16T10:15:31Z
9,8631,2025-01-17T10:30:05Z,2025-01-17T10:30:05Z,Knights Landing RST,8.4,Continue trapping,Processed fish,Trap functioning normally,NA,4633,3.09999990463257,3,Yes,NA,NA,NA,NA,NA,NA,NA,2025-01-16T10:15:31Z,2025-01-17T10:30:05Z
9,8633,2025-01-18T12:45:17Z,2025-01-18T12:45:17Z,Knights Landing RST,8.4,Continue trapping,Processed fish,Trap functioning normally,NA,4594,2.90000009536743,3.09999990463257,Yes,NA,NA,NA,NA,NA,NA,NA,2025-01-17T10:30:05Z,2025-01-18T12:45:17Z
9,8635,2025-01-19T10:00:30Z,2025-01-19T10:00:30Z,Knights Landing RST,8.4,Unplanned restart,Processed fish,Trap stopped functioning,758,NA,NA,2.70000004768372,Yes,NA,NA,NA,NA,NA,NA,NA,2025-01-18T12:45:17Z,2025-01-19T10:00:30Z
9,8637,2025-01-20T10:15:01Z,2025-01-20T10:15:01Z,Knights Landing RST,8.4,Continue trapping,Processed fish,Trap functioning normally,NA,3989,2.79999995231628,3,Yes,NA,NA,NA,NA,NA,NA,NA,2025-01-19T10:00:30Z,2025-01-20T10:15:01Z
9,8639,2025-01-21T10:30:28Z,2025-01-21T10:30:28Z,Knights Landing RST,8.4,Continue trapping,Processed fish,Trap functioning normally,NA,3664,2.70000004768372,2.29999995231628,Yes,NA,NA,NA,NA,NA,NA,NA,2025-01-20T10:15:01Z,2025-01-21T10:30:28Z
9,8641,2025-01-22T10:30:53Z,2025-01-22T10:30:53Z,Knights Landing RST,8.4,Continue trapping,Processed fish,Trap functioning normally,NA,3396,2.20000004768372,2.09999990463257,Yes,NA,NA,NA,NA,NA,NA,NA,2025-01-21T10:30:28Z,2025-01-22T10:30:53Z
9,8643,2025-01-23T10:45:58Z,2025-01-23T10:45:58Z,Knights Landing RST,8.4,Continue trapping,Processed fish,Trap functioning normally,NA,3043,2.09999990463257,2.09999990463257,Yes,NA,NA,NA,NA,NA,NA,NA,2025-01-22T10:30:53Z,2025-01-23T10:45:58Z
9,8645,2025-01-24T10:30:25Z,2025-01-24T10:30:25Z,Knights Landing RST,8.4,Continue trapping,Processed fish,Trap functioning normally,NA,3050,2.5,2.40000009536743,Yes,NA,NA,NA,NA,NA,NA,NA,2025-01-23T10:45:58Z,2025-01-24T10:30:25Z
9,8647,2025-01-25T10:15:58Z,2025-01-25T10:15:58Z,Knights Landing RST,8.4,Continue trapping,Processed fish,Trap functioning normally,NA,3105,2.40000009536743,2.29999995231628,Yes,NA,NA,NA,NA,NA,NA,NA,2025-01-24T10:30:25Z,2025-01-25T10:15:58Z
9,8649,2025-01-26T10:00:10Z,2025-01-26T10:00:10Z,Knights Landing RST,8.4,Continue trapping,Processed fish,Trap functioning normally,NA,3070,2.20000004768372,2.29999995231628,Yes,NA,NA,NA,NA,NA,NA,NA,2025-01-25T10:15:58Z,2025-01-26T10:00:10Z
9,8651,2025-01-27T10:00:33Z,2025-01-27T10:00:33Z,Knights Landing RST,8.4,Continue trapping,Processed fish,Trap functioning normally,NA,3074,2.09999990463257,2.09999990463257,Yes,NA,NA,NA,NA,NA,NA,NA,2025-01-26T10:00:10Z,2025-01-27T10:00:33Z
9,8653,2025-01-28T10:00:15Z,2025-01-28T10:00:15Z,Knights Landing RST,8.4,Continue trapping,Processed fish,Trap functioning normally,NA,2852,1.89999997615814,2,Yes,NA,NA,NA,NA,NA,NA,NA,2025-01-27T10:00:33Z,2025-01-28T10:00:15Z
9,8655,2025-01-29T13:15:50Z,2025-01-29T13:15:50Z,Knights Landing RST,8.4,Continue trapping,Processed fish,Trap functioning normally,NA,3116,1.70000004768372,1.70000004768372,Yes,NA,NA,NA,NA,NA,NA,NA,2025-01-28T10:00:15Z,2025-01-29T13:15:50Z
9,8657,2025-01-30T11:30:03Z,2025-01-30T11:30:03Z,Knights Landing RST,8.4,Continue trapping,Processed fish,Trap functioning normally,NA,2440,1.79999995231628,1.79999995231628,Yes,NA,NA,NA,NA,NA,NA,NA,2025-01-29T13:15:50Z,2025-01-30T11:30:03Z
9,8659,2025-01-31T10:00:20Z,2025-01-31T10:00:20Z,Knights Landing RST,8.4,Unplanned restart,Processed fish,Trap stopped functioning,2318,NA,NA,1.60000002384186,Yes,NA,NA,NA,NA,NA,NA,NA,2025-01-30T11:30:03Z,2025-01-31T10:00:20Z
9,8661,2025-02-01T10:15:28Z,2025-02-01T10:15:28Z,Knights Landing RST,8.4,End trapping,Processed fish,Trap functioning normally,NA,2183,1.39999997615814,NA,Yes,NA,NA,NA,NA,NA,NA,NA,2025-01-31T10:00:20Z,2025-02-01T10:15:28Z
9,8663,2025-02-02T10:45:13Z,2025-02-02T10:45:13Z,Knights Landing RST,8.4,Service/adjust/clean trap,N/A; not a sampling visit,Trap not in service,NA,NA,NA,NA,Yes,NA,NA,NA,NA,NA,NA,NA,2025-02-02T10:45:13Z,2025-02-02T10:45:13Z
9,8665,2025-02-03T12:15:55Z,2025-02-03T12:15:55Z,Knights Landing RST,8.4,Service/adjust/clean trap,N/A; not a sampling visit,Trap not in service,NA,NA,NA,NA,Yes,NA,NA,NA,NA,NA,NA,NA,2025-02-03T12:15:55Z,2025-02-03T12:15:55Z
9,8667,2025-02-05T11:15:15Z,2025-02-05T11:15:15Z,Knights Landing RST,8.4,Service/adjust/clean trap,N/A; not a sampling visit,Trap not in service,NA,NA,NA,NA,Yes,NA,NA,NA,NA,NA,NA,NA,2025-02-05T11:15:15Z,2025-02-05T11:15:15Z
9,8671,2025-02-07T01:45:04Z,2025-02-07T01:45:04Z,Knights Landing RST,8.4,End trapping,Processed fish,Trap functioning normally,NA,462,NA,NA,Yes,NA,NA,NA,NA,NA,NA,NA,2025-02-05T11:15:15Z,2025-02-07T01:45:04Z
9,8669,2025-02-07T10:30:10Z,2025-02-07T10:30:10Z,Knights Landing RST,8.4,Start trap & begin trapping,N/A; not a sampling visit,Trap not in service,NA,279012,NA,2.29999995231628,Yes,NA,NA,NA,NA,NA,NA,NA,2025-02-07T10:30:10Z,2025-02-07T10:30:10Z
9,8672,2025-02-07T13:45:57Z,2025-02-07T13:45:57Z,Knights Landing RST,8.4,End trapping,Processed fish,Trap functioning normally,NA,462,NA,NA,Yes,NA,NA,NA,NA,NA,NA,NA,2025-02-07T10:30:10Z,2025-02-07T13:45:57Z
9,8674,2025-02-08T09:44:05Z,2025-02-08T09:44:05Z,Knights Landing RST,8.4,Start trap & begin trapping,N/A; not a sampling visit,Trap not in service,NA,NA,NA,2.90000009536743,Yes,NA,NA,NA,NA,NA,NA,NA,2025-02-08T09:44:05Z,2025-02-08T09:44:05Z
9,8676,2025-02-09T10:30:22Z,2025-02-09T10:30:22Z,Knights Landing RST,8.4,Unplanned restart,Processed fish,Trap stopped functioning,669,NA,NA,2.5,Yes,NA,NA,NA,NA,NA,NA,NA,2025-02-08T09:44:05Z,2025-02-09T10:30:22Z
9,8678,2025-02-10T11:00:24Z,2025-02-10T11:00:24Z,Knights Landing RST,8.4,Unplanned restart,Processed fish,Trap stopped functioning,455,NA,NA,2.79999995231628,Yes,NA,NA,NA,NA,NA,NA,NA,2025-02-09T10:30:22Z,2025-02-10T11:00:24Z
9,8680,2025-02-11T11:15:20Z,2025-02-11T11:15:20Z,Knights Landing RST,8.4,Continue trapping,Processed fish,Trap functioning normally,NA,3583,2.70000004768372,2.90000009536743,Yes,NA,NA,NA,NA,NA,NA,NA,2025-02-10T11:00:24Z,2025-02-11T11:15:20Z
9,8682,2025-02-12T10:45:50Z,2025-02-12T10:45:50Z,Knights Landing RST,8.4,Continue trapping,Processed fish,Trap functioning normally,NA,3498,2.5,2.79999995231628,Yes,NA,NA,NA,NA,NA,NA,NA,2025-02-11T11:15:20Z,2025-02-12T10:45:50Z
9,8684,2025-02-13T10:15:21Z,2025-02-13T10:15:21Z,Knights Landing RST,8.4,Unplanned restart,Processed fish,Trap stopped functioning,2457,NA,NA,1.89999997615814,Yes,NA,NA,NA,NA,NA,NA,NA,2025-02-12T10:45:50Z,2025-02-13T10:15:21Z
9,8686,2025-02-14T10:15:25Z,2025-02-14T10:15:25Z,Knights Landing RST,8.4,Continue trapping,Processed fish,Trap functioning normally,NA,3106,2.29999995231628,2.70000004768372,Yes,NA,NA,NA,NA,NA,NA,NA,2025-02-13T10:15:21Z,2025-02-14T10:15:25Z
9,8688,2025-02-15T10:15:07Z,2025-02-15T10:15:07Z,Knights Landing RST,8.4,Continue trapping,Processed fish,Trap functioning normally,NA,3471,3.20000004768372,2.79999995231628,Yes,NA,NA,NA,NA,NA,NA,NA,2025-02-14T10:15:25Z,2025-02-15T10:15:07Z
9,8690,2025-02-16T10:00:06Z,2025-02-16T10:00:06Z,Knights Landing RST,8.4,Unplanned restart,Processed fish,Trap stopped functioning,3209,NA,NA,2.5,Yes,NA,NA,NA,NA,NA,NA,NA,2025-02-15T10:15:07Z,2025-02-16T10:00:06Z
9,8692,2025-02-17T10:15:12Z,2025-02-17T10:15:12Z,Knights Landing RST,8.4,Continue trapping,Processed fish,Trap functioning normally,NA,3370,2.40000009536743,2.20000004768372,Yes,NA,NA,NA,NA,NA,NA,NA,2025-02-16T10:00:06Z,2025-02-17T10:15:12Z
9,8694,2025-02-18T11:15:25Z,2025-02-18T11:15:25Z,Knights Landing RST,8.4,Continue trapping,Processed fish,Trap functioning normally,NA,3658,2.20000004768372,2.5,Yes,NA,NA,NA,NA,NA,NA,NA,2025-02-17T10:15:12Z,2025-02-18T11:15:25Z
9,8696,2025-02-19T10:45:10Z,2025-02-19T10:45:10Z,Knights Landing RST,8.4,Continue trapping,Processed fish,Trap functioning normally,NA,3245,2.90000009536743,2.40000009536743,Yes,NA,NA,NA,NA,NA,NA,NA,2025-02-18T11:15:25Z,2025-02-19T10:45:10Z
9,8698,2025-02-20T10:30:04Z,2025-02-20T10:30:04Z,Knights Landing RST,8.4,Continue trapping,Processed fish,Trap functioning normally,NA,3837,3.59999990463257,3,Yes,NA,NA,NA,NA,NA,NA,NA,2025-02-19T10:45:10Z,2025-02-20T10:30:04Z
9,8700,2025-02-21T10:45:58Z,2025-02-21T10:45:58Z,Knights Landing RST,8.4,Continue trapping,Processed fish,Trap functioning normally,NA,3850,3,2.70000004768372,Yes,NA,NA,NA,NA,NA,NA,NA,2025-02-20T10:30:04Z,2025-02-21T10:45:58Z
9,8702,2025-02-22T10:00:53Z,2025-02-22T10:00:53Z,Knights Landing RST,8.4,Continue trapping,Processed fish,Trap functioning normally,NA,3433,2.70000004768372,2.70000004768372,Yes,NA,NA,NA,NA,NA,NA,NA,2025-02-21T10:45:58Z,2025-02-22T10:00:53Z
9,8734,2025-02-23T09:45:06Z,2025-02-23T09:45:06Z,Knights Landing RST,8.4,Continue trapping,Processed fish,Trap functioning normally,NA,3325,2.09999990463257,2.20000004768372,Yes,NA,NA,NA,NA,NA,NA,NA,2025-02-22T10:00:53Z,2025-02-23T09:45:06Z
9,8736,2025-02-24T10:00:25Z,2025-02-24T10:00:25Z,Knights Landing RST,8.4,Continue trapping,Processed fish,Trap functioning normally,NA,5129,2.29999995231628,2.09999990463257,Yes,NA,NA,NA,NA,NA,NA,NA,2025-02-23T09:45:06Z,2025-02-24T10:00:25Z
9,8738,2025-02-25T10:15:54Z,2025-02-25T10:15:54Z,Knights Landing RST,8.4,Continue trapping,Processed fish,Trap functioning normally,NA,2026,3.29999995231628,3.09999990463257,Yes,NA,NA,NA,NA,NA,NA,NA,2025-02-24T10:00:25Z,2025-02-25T10:15:54Z
9,8740,2025-02-26T10:45:58Z,2025-02-26T10:45:58Z,Knights Landing RST,8.4,Continue trapping,Processed fish,Trap functioning normally,NA,4245,3,2.79999995231628,Yes,NA,NA,NA,NA,NA,NA,NA,2025-02-25T10:15:54Z,2025-02-26T10:45:58Z
9,8742,2025-02-27T13:45:37Z,2025-02-27T13:45:37Z,Knights Landing RST,8.4,Continue trapping,Processed fish,Trap functioning normally,NA,4711,3.09999990463257,3.40000009536743,Yes,NA,NA,NA,NA,NA,NA,NA,2025-02-26T10:45:58Z,2025-02-27T13:45:37Z
9,8744,2025-02-28T10:30:58Z,2025-02-28T10:30:58Z,Knights Landing RST,8.4,Continue trapping,Processed fish,Trap functioning normally,NA,3647,2.59999990463257,2.59999990463257,Yes,NA,NA,NA,NA,NA,NA,NA,2025-02-27T13:45:37Z,2025-02-28T10:30:58Z
9,8746,2025-03-01T10:00:41Z,2025-03-01T10:00:41Z,Knights Landing RST,8.4,Continue trapping,Processed fish,Trap functioning normally,NA,3911,2.40000009536743,2.90000009536743,Yes,NA,NA,NA,NA,NA,NA,NA,2025-02-28T10:30:58Z,2025-03-01T10:00:41Z
9,8748,2025-03-02T09:45:18Z,2025-03-02T09:45:18Z,Knights Landing RST,8.4,Continue trapping,Processed fish,Trap functioning normally,NA,3865,3,2.70000004768372,Yes,NA,NA,NA,NA,NA,NA,NA,2025-03-01T10:00:41Z,2025-03-02T09:45:18Z
9,8757,2025-03-03T10:00:13Z,2025-03-03T10:00:13Z,Knights Landing RST,8.4,Continue trapping,Processed fish,Trap functioning normally,NA,3888,3,3,Yes,NA,NA,NA,NA,NA,NA,NA,2025-03-02T09:45:18Z,2025-03-03T10:00:13Z
9,8759,2025-03-04T10:45:44Z,2025-03-04T10:45:44Z,Knights Landing RST,8.4,Continue trapping,Processed fish,Trap functioning normally,NA,4042,2.79999995231628,2.90000009536743,Yes,NA,NA,NA,NA,NA,NA,NA,2025-03-03T10:00:13Z,2025-03-04T10:45:44Z
9,8761,2025-03-05T10:15:31Z,2025-03-05T10:15:31Z,Knights Landing RST,8.4,Continue trapping,Processed fish,Trap functioning normally,NA,4461,2.90000009536743,2.70000004768372,Yes,NA,NA,NA,NA,NA,NA,NA,2025-03-04T10:45:44Z,2025-03-05T10:15:31Z
9,8767,2025-03-06T10:15:55Z,2025-03-06T10:15:55Z,Knights Landing RST,8.4,Continue trapping,Processed fish,Trap functioning normally,NA,4151,3.09999990463257,2.90000009536743,Yes,NA,NA,NA,NA,NA,NA,NA,2025-03-05T10:15:31Z,2025-03-06T10:15:55Z
9,8769,2025-03-07T11:30:02Z,2025-03-07T11:30:02Z,Knights Landing RST,8.4,Continue trapping,Processed fish,Trap functioning normally,NA,4360,3.09999990463257,3.40000009536743,Yes,NA,NA,NA,NA,NA,NA,NA,2025-03-06T10:15:55Z,2025-03-07T11:30:02Z
9,8771,2025-03-08T10:00:07Z,2025-03-08T10:00:07Z,Knights Landing RST,8.4,Continue trapping,Processed fish,Trap functioning normally,NA,3864,2.90000009536743,2.90000009536743,Yes,NA,NA,NA,NA,NA,NA,NA,2025-03-07T11:30:02Z,2025-03-08T10:00:07Z
9,8777,2025-03-09T14:15:33Z,2025-03-09T14:15:33Z,Knights Landing RST,8.4,Continue trapping,Processed fish,Trap functioning normally,NA,4651,2.70000004768372,2.90000009536743,Yes,NA,NA,NA,NA,NA,NA,NA,2025-03-08T10:00:07Z,2025-03-09T14:15:33Z
9,8779,2025-03-10T10:45:06Z,2025-03-10T10:45:06Z,Knights Landing RST,8.4,Continue trapping,Processed fish,Trap functioning normally,NA,3561,2.90000009536743,2.90000009536743,Yes,NA,NA,NA,NA,NA,NA,NA,2025-03-09T14:15:33Z,2025-03-10T10:45:06Z
9,8781,2025-03-11T10:15:09Z,2025-03-11T10:15:09Z,Knights Landing RST,8.4,Continue trapping,Processed fish,Trap functioning normally,NA,3927,3.20000004768372,2.79999995231628,Yes,NA,NA,NA,NA,NA,NA,NA,2025-03-10T10:45:06Z,2025-03-11T10:15:09Z
9,8783,2025-03-12T10:45:09Z,2025-03-12T10:45:09Z,Knights Landing RST,8.4,Unplanned restart,Processed fish,Trap stopped functioning,3220,NA,NA,3,Yes,NA,NA,NA,NA,NA,NA,NA,2025-03-11T10:15:09Z,2025-03-12T10:45:09Z
9,8785,2025-03-13T10:45:04Z,2025-03-13T10:45:04Z,Knights Landing RST,8.4,End trapping,Processed fish,Trap functioning normally,NA,4180,2.90000009536743,NA,Yes,NA,NA,NA,NA,NA,NA,NA,2025-03-12T10:45:09Z,2025-03-13T10:45:04Z
9,8787,2025-03-14T10:45:13Z,2025-03-14T10:45:13Z,Knights Landing RST,8.4,Start trap & begin trapping,N/A; not a sampling visit,Trap not in service,NA,48,NA,3.29999995231628,Yes,NA,NA,NA,NA,NA,NA,NA,2025-03-14T10:45:13Z,2025-03-14T10:45:13Z
9,8789,2025-03-15T10:15:17Z,2025-03-15T10:15:17Z,Knights Landing RST,8.4,Continue trapping,Processed fish,Trap functioning normally,NA,4099,3.20000004768372,3,Yes,NA,NA,NA,NA,NA,NA,NA,2025-03-14T10:45:13Z,2025-03-15T10:15:17Z
9,8817,2025-03-16T10:00:08Z,2025-03-16T10:00:08Z,Knights Landing RST,8.4,Continue trapping,Processed fish,Trap functioning normally,NA,4000,2.59999990463257,2.90000009536743,Yes,NA,NA,NA,NA,NA,NA,NA,2025-03-15T10:15:17Z,2025-03-16T10:00:08Z
9,8819,2025-03-17T10:45:44Z,2025-03-17T10:45:44Z,Knights Landing RST,8.4,Continue trapping,Processed fish,Trap functioning normally,NA,4235,2.70000004768372,2.90000009536743,Yes,NA,NA,NA,NA,NA,NA,NA,2025-03-16T10:00:08Z,2025-03-17T10:45:44Z
9,8821,2025-03-18T10:00:12Z,2025-03-18T10:00:12Z,Knights Landing RST,8.4,Unplanned restart,Processed fish,Trap stopped functioning,3772,NA,NA,2.70000004768372,Yes,NA,NA,NA,NA,NA,NA,NA,2025-03-17T10:45:44Z,2025-03-18T10:00:12Z
9,8853,2025-03-19T13:30:57Z,2025-03-19T13:30:57Z,Knights Landing RST,8.4,Unplanned restart,Processed fish,Trap stopped functioning,597,NA,NA,2.59999990463257,Yes,NA,NA,NA,NA,NA,NA,NA,2025-03-18T10:00:12Z,2025-03-19T13:30:57Z
9,8855,2025-03-20T10:00:03Z,2025-03-20T10:00:03Z,Knights Landing RST,8.4,Continue trapping,Processed fish,Trap functioning normally,NA,3452,3,3.20000004768372,Yes,NA,NA,NA,NA,NA,NA,NA,2025-03-19T13:30:57Z,2025-03-20T10:00:03Z
9,8857,2025-03-21T10:15:52Z,2025-03-21T10:15:52Z,Knights Landing RST,8.4,Continue trapping,Processed fish,Trap functioning normally,NA,4275,3,3,Yes,NA,NA,NA,NA,NA,NA,NA,2025-03-20T10:00:03Z,2025-03-21T10:15:52Z
9,8859,2025-03-22T10:15:51Z,2025-03-22T10:15:51Z,Knights Landing RST,8.4,Continue trapping,Processed fish,Trap functioning normally,NA,4059,2.79999995231628,3.40000009536743,Yes,NA,NA,NA,NA,NA,NA,NA,2025-03-21T10:15:52Z,2025-03-22T10:15:51Z
9,8861,2025-03-23T11:00:57Z,2025-03-23T11:00:57Z,Knights Landing RST,8.4,Continue trapping,Processed fish,Trap functioning normally,NA,4890,3.79999995231628,3,Yes,NA,NA,NA,NA,NA,NA,NA,2025-03-22T10:15:51Z,2025-03-23T11:00:57Z
9,8863,2025-03-24T10:15:54Z,2025-03-24T10:15:54Z,Knights Landing RST,8.4,Continue trapping,Processed fish,Trap functioning normally,NA,4425,3.5,2.79999995231628,Yes,NA,NA,NA,NA,NA,NA,NA,2025-03-23T11:00:57Z,2025-03-24T10:15:54Z
9,8865,2025-03-25T10:30:00Z,2025-03-25T10:30:00Z,Knights Landing RST,8.4,Continue trapping,Processed fish,Trap functioning normally,NA,4600,3.29999995231628,2.90000009536743,Yes,NA,NA,NA,NA,NA,NA,NA,2025-03-24T10:15:54Z,2025-03-25T10:30:00Z
9,8867,2025-03-26T10:15:51Z,2025-03-26T10:15:51Z,Knights Landing RST,8.4,Continue trapping,Processed fish,Trap functioning normally,NA,4369,2.59999990463257,2.90000009536743,Yes,NA,NA,NA,NA,NA,NA,NA,2025-03-25T10:30:00Z,2025-03-26T10:15:51Z
9,8889,2025-03-27T10:30:58Z,2025-03-27T10:30:58Z,Knights Landing RST,8.4,Continue trapping,Processed fish,Trap functioning normally,NA,3794,2.29999995231628,2.70000004768372,Yes,NA,NA,NA,NA,NA,NA,NA,2025-03-26T10:15:51Z,2025-03-27T10:30:58Z
9,8891,2025-03-28T11:30:00Z,2025-03-28T11:30:00Z,Knights Landing RST,8.4,Continue trapping,Processed fish,Trap functioning normally,NA,4559,2.29999995231628,2.09999990463257,Yes,NA,NA,NA,NA,NA,NA,NA,2025-03-27T10:30:58Z,2025-03-28T11:30:00Z
9,8893,2025-03-29T10:15:57Z,2025-03-29T10:15:57Z,Knights Landing RST,8.4,Continue trapping,Processed fish,Trap functioning normally,NA,2785,3.20000004768372,3,Yes,NA,NA,NA,NA,NA,NA,NA,2025-03-28T11:30:00Z,2025-03-29T10:15:57Z
9,8895,2025-03-30T22:30:55Z,2025-03-30T22:30:55Z,Knights Landing RST,8.4,Continue trapping,Processed fish,Trap functioning normally,NA,3846,2.79999995231628,2.59999990463257,Yes,NA,NA,NA,NA,NA,NA,NA,2025-03-29T10:15:57Z,2025-03-30T22:30:55Z
9,8897,2025-03-31T10:30:58Z,2025-03-31T10:30:58Z,Knights Landing RST,8.4,Continue trapping,Processed fish,Trap functioning normally,NA,3890,2.70000004768372,2.59999990463257,Yes,NA,NA,NA,NA,NA,NA,NA,2025-03-30T22:30:55Z,2025-03-31T10:30:58Z
9,8899,2025-04-01T10:00:32Z,2025-04-01T10:00:32Z,Knights Landing RST,8.4,Continue trapping,Processed fish,Trap functioning normally,NA,3859,2.90000009536743,2.59999990463257,Yes,NA,NA,NA,NA,NA,NA,NA,2025-03-31T10:30:58Z,2025-04-01T10:00:32Z
9,8901,2025-04-02T10:45:38Z,2025-04-02T10:45:38Z,Knights Landing RST,8.4,Unplanned restart,Processed fish,Trap stopped functioning,3821,NA,NA,3.29999995231628,Yes,NA,NA,NA,NA,NA,NA,NA,2025-04-01T10:00:32Z,2025-04-02T10:45:38Z
9,8903,2025-04-03T10:30:49Z,2025-04-03T10:30:49Z,Knights Landing RST,8.4,Continue trapping,Processed fish,Trap functioning normally,NA,4294,3,3.5,Yes,NA,NA,NA,NA,NA,NA,NA,2025-04-02T10:45:38Z,2025-04-03T10:30:49Z
9,8905,2025-04-04T10:30:21Z,2025-04-04T10:30:21Z,Knights Landing RST,8.4,Continue trapping,Processed fish,Trap functioning normally,NA,3478,2.5,3.09999990463257,Yes,NA,NA,NA,NA,NA,NA,NA,2025-04-03T10:30:49Z,2025-04-04T10:30:21Z
9,8907,2025-04-05T10:00:12Z,2025-04-05T10:00:12Z,Knights Landing RST,8.4,Continue trapping,Processed fish,Trap functioning normally,NA,4159,2.70000004768372,2.29999995231628,Yes,NA,NA,NA,NA,NA,NA,NA,2025-04-04T10:30:21Z,2025-04-05T10:00:12Z
9,8909,2025-04-06T10:00:07Z,2025-04-06T10:00:07Z,Knights Landing RST,8.4,Unplanned restart,Processed fish,Trap stopped functioning,3655,NA,NA,2.29999995231628,Yes,NA,NA,NA,NA,NA,NA,NA,2025-04-05T10:00:12Z,2025-04-06T10:00:07Z
9,8911,2025-04-07T11:30:57Z,2025-04-07T11:30:57Z,Knights Landing RST,8.4,Unplanned restart,Processed fish,Trap functioning normally,118,NA,NA,2.59999990463257,Yes,NA,NA,NA,NA,NA,NA,NA,2025-04-06T10:00:07Z,2025-04-07T11:30:57Z
9,8913,2025-04-08T10:30:08Z,2025-04-08T10:30:08Z,Knights Landing RST,8.4,Continue trapping,Processed fish,Trap functioning normally,NA,3087,1.89999997615814,2.09999990463257,Yes,NA,NA,NA,NA,NA,NA,NA,2025-04-07T11:30:57Z,2025-04-08T10:30:08Z
9,8915,2025-04-09T11:30:34Z,2025-04-09T11:30:34Z,Knights Landing RST,8.4,Unplanned restart,Processed fish,Trap functioning normally,1307,NA,NA,2.59999990463257,Yes,NA,NA,NA,NA,NA,NA,NA,2025-04-08T10:30:08Z,2025-04-09T11:30:34Z
9,8917,2025-04-10T10:30:31Z,2025-04-10T10:30:31Z,Knights Landing RST,8.4,Continue trapping,Processed fish,Trap functioning normally,NA,3474,2.20000004768372,2.29999995231628,Yes,NA,NA,NA,NA,NA,NA,NA,2025-04-09T11:30:34Z,2025-04-10T10:30:31Z
9,8919,2025-04-11T11:00:38Z,2025-04-11T11:00:38Z,Knights Landing RST,8.4,Continue trapping,Processed fish,Trap functioning normally,NA,3435,2.40000009536743,2.40000009536743,Yes,NA,NA,NA,NA,NA,NA,NA,2025-04-10T10:30:31Z,2025-04-11T11:00:38Z
9,8921,2025-04-12T10:15:33Z,2025-04-12T10:15:33Z,Knights Landing RST,8.4,Continue trapping,Processed fish,Trap functioning normally,NA,3061,2.5,2.29999995231628,Yes,NA,NA,NA,NA,NA,NA,NA,2025-04-11T11:00:38Z,2025-04-12T10:15:33Z
9,8923,2025-04-13T11:30:35Z,2025-04-13T11:30:35Z,Knights Landing RST,8.4,Continue trapping,Processed fish,Trap functioning normally,NA,3148,2.09999990463257,2,Yes,NA,NA,NA,NA,NA,NA,NA,2025-04-12T10:15:33Z,2025-04-13T11:30:35Z
9,8925,2025-04-14T11:00:23Z,2025-04-14T11:00:23Z,Knights Landing RST,8.4,Continue trapping,Processed fish,Trap functioning normally,NA,3001,2.40000009536743,2.29999995231628,Yes,NA,NA,NA,NA,NA,NA,NA,2025-04-13T11:30:35Z,2025-04-14T11:00:23Z
9,8927,2025-04-15T12:00:57Z,2025-04-15T12:00:57Z,Knights Landing RST,8.4,Continue trapping,Processed fish,Trap functioning normally,NA,1953,2.09999990463257,1.89999997615814,Yes,NA,NA,NA,NA,NA,NA,NA,2025-04-14T11:00:23Z,2025-04-15T12:00:57Z
9,8929,2025-04-16T11:15:06Z,2025-04-16T11:15:06Z,Knights Landing RST,8.4,Continue trapping,Processed fish,Trap functioning normally,NA,3065,2.20000004768372,2,Yes,NA,NA,NA,NA,NA,NA,NA,2025-04-15T12:00:57Z,2025-04-16T11:15:06Z
9,8931,2025-04-17T10:30:21Z,2025-04-17T10:30:21Z,Knights Landing RST,8.4,Continue trapping,Processed fish,Trap functioning normally,NA,3191,2.40000009536743,2.40000009536743,Yes,NA,NA,NA,NA,NA,NA,NA,2025-04-16T11:15:06Z,2025-04-17T10:30:21Z
