California Department of Fish and Wildlife - Lower Sacramento Rotary Screw Trap Daily Catch and Effort Summaries - 2024-2025 Emigration Season,,,,,,,,,,,,,,,,,,,,,,,,,,,,,,,,,
Data are Draft and Subject to Revision. Half cone fishing configuration results in reduction of catch and CPUE calculations are not comparable to fishing in the full cone configuration.,,,,,,,,,,,,,,,,,,,,,,,,,,,,,,,,,
"Please Direct Inquiries to David Custer, 916-767-3792, David.Custer@wildlife.ca.gov",,,,,,,,,,,,,,,,,,,,,,,,,,,,,,,,,
,,,,,,,,,,,,,,,,,,,,,,,,,,,,,,,,,
Start Traps,,Stop Traps,,Num. of Hours During Sampling Period,Cone RPMs,,Total Cone Revolutions,, Total Hours Fished  ,Cone Configuration Sampling Effort (%),Environment,,,Unmarked Chinook Salmon (season totals in red),,,,,,,,Adipose Fin-clipped Chinook Salmon (season totals in red),,,,Steelhead (season totals in red),,Catch Per Unit of Effort (CPUE) of Unmarked Fish,,,,,Comments 
Date,Time,Date,Time,,RR,RL,RR,RL,,,Flow (cfs) @ VON,Water Temp (°C),Turbidity (NTU),Min FL (mm),Max FL  (mm),Fall,Spring,Winter,Late Fall,Older Juvis,LSR CI,Fall,Spring,Winter,Late Fall,Unmarked,Marked,Fall,Spring,Winter,Late Fall,Steelhead,
,,,,,,,,,#DIV/0!,,,,,,,3998,420,21,1,0,,78,217,23,1,4,92,,,,,,
,,,,,,,,,,,,,,,,,,,,,,,,,,,,,,,,,
10/8/2024,10:15,10/9/2024,11:00,24.75,4.1,4.0,5767,5381,45.86,100%,"11,749",17.8,3.17,,,0,0,0,0,0,0.0,0,0,0,0,0,0,0,0,0,0,0,First Day of trapping 2024-2025 season
10/9/2024,11:00,10/10/2024,9:15,22.25,4.3,4.3,5242,5239,40.62,100%,"11,657",17.6,3.17,40,40,0,0,1,0,0,0.0,0,0,0,0,0,0,0,0,0.024615972,0,0,First Chinook Salmon caught of the season
10/10/2024,9:15,10/11/2024,9:45,24.50,4.3,4.2,5790,5586,44.61,100%,"11,381",16.9,3.43,,,0,0,0,0,0,0.0,0,0,0,0,0,0,0,0,0,0,0,
10/11/2024,9:45,10/12/2024,9:45,24.00,4.3,4.1,5485,5358,43.04,100%,"10,512",16.7,3.44,,,0,0,0,0,0,0.0,0,0,0,0,0,0,0,0,0,0,0,
10/12/2024,9:45,10/13/2024,10:00,24.25,4.1,3.9,5518,690,25.38,100%,"9,577",17.0,3.52,37,37,0,0,1,0,0,0.0,0,0,0,0,0,0,0,0,0.039401705,0,0,
10/13/2024,10:00,10/14/2024,10:45,24.75,4.0,4.0,5508,5443,45.63,100%,"9,179",16.9,3.90,,,0,0,0,0,0,0.0,0,0,0,0,0,0,0,0,0,0,0,
10/14/2024,10:45,10/15/2024,10:00,23.25,4.0,3.9,5053,5062,42.69,100%,"9,008",17.1,3.83,,,0,0,0,0,0,0.0,0,0,0,0,0,0,0,0,0,0,0,
10/15/2024,10:00,10/16/2024,10:00,24.00,3.8,3.9,5240,5209,45.24,100%,"8,991",17.3,3.68,,,0,0,0,0,0,0.0,0,0,0,0,0,0,0,0,0,0,0,
10/16/2024,10:00,10/17/2024,10:15,24.25,3.8,3.8,5182,5112,45.15,100%,"8,770",16.9,3.50,,,0,0,0,0,0,0.0,0,0,0,0,0,0,0,0,0,0,0,
10/17/2024,10:15,10/18/2024,10:30,24.25,3.9,3.8,5281,5123,45.04,100%,"8,517",15.0,4.67,,,0,0,0,0,0,0.0,0,0,0,0,0,0,0,0,0,0,0,
10/18/2024,10:30,10/19/2024,10:00,23.50,4.0,3.9,5061,4794,41.57,100%,"8,449",14.4,3.67,,,0,0,0,0,0,0.0,0,0,0,0,0,0,0,0,0,0,0,
10/19/2024,10:00,10/20/2024,9:45,23.75,3.9,3.8,4942,4754,41.97,100%,"8,266",14.7,3.57,,,0,0,0,0,0,0.0,0,0,0,0,0,0,0,0,0,0,0,
10/20/2024,9:45,10/21/2024,10:45,25.00,3.8,3.7,5161,4889,44.66,100%,"8,349",14.8,3.42,,,0,0,0,0,0,0.0,0,0,0,0,0,0,0,0,0,0,0,
10/21/2024,10:45,10/22/2024,10:00,23.25,3.9,3.7,4790,4567,41.04,100%,"8,316",14.9,3.63,,,0,0,0,0,0,0.0,0,0,0,0,0,0,0,0,0,0,0,
10/22/2024,10:00,10/23/2024,10:00,24.00,3.8,3.7,4947,4848,43.54,100%,"8,216",14.9,3.37,,,0,0,0,0,0,0.0,0,0,0,0,0,0,0,0,0,0,0,
10/23/2024,10:00,10/24/2024,9:30,23.50,3.8,3.6,4998,4537,42.93,100%,"8,116",14.7,3.41,,,0,0,0,0,0,0.0,0,0,0,0,0,0,0,0,0,0,0,
10/24/2024,9:30,10/25/2024,9:45,24.25,3.8,3.6,4985,4759,43.90,100%,"7,836",14.5,3.46,,,0,0,0,0,0,0.0,0,0,0,0,0,0,0,0,0,0,0,
10/25/2024,9:45,10/26/2024,9:45,24.00,3.6,3.6,4691,1201,27.28,100%,"7,591",14.4,3.02,,,0,0,0,0,0,0.0,0,0,0,0,0,0,0,0,0,0,0,
10/26/2024,9:45,10/27/2024,10:30,24.75,3.4,3.5,4679,4744,45.53,100%,"7,461",14.8,3.92,,,0,0,0,0,0,0.0,0,0,0,0,0,0,0,0,0,0,0,
10/27/2024,10:30,10/28/2024,11:15,24.75,3.4,3.5,4541,4594,44.14,100%,"7,494",14.8,3.39,42,42,0,0,1,0,0,0.0,0,0,0,0,0,0,0,0,0.022657244,0,0,
10/28/2024,11:15,10/29/2024,10:00,22.75,3.6,3.4,4331,4382,41.53,100%,"7,461",14.2,4.25,,,0,0,0,0,0,0.0,0,0,0,0,0,0,0,0,0,0,0,
10/29/2024,10:00,10/30/2024,9:45,23.75,3.6,3.5,4725,4624,43.89,100%,"7,268",13.6,3.20,,,0,0,0,0,0,0.0,0,0,0,0,0,0,0,0,0,0,0,
10/30/2024,9:45,10/31/2024,10:45,25.00,3.5,3.4,4685,4700,45.35,100%,"7,140",13.5,2.77,,,0,0,0,0,0,0.0,0,0,0,0,0,0,0,0,0,0,0,
10/31/2024,10:45,11/1/2024,11:45,25.00,3.5,3.4,4811,4647,45.69,100%,"7,156",13.4,3.39,,,0,0,0,0,0,0.0,0,0,0,0,0,0,0,0,0,0,0,
11/1/2024,11:45,11/2/2024,10:00,22.25,3.5,3.4,4290,4235,41.19,100%,"7,397",13.6,3.69,,,0,0,0,0,0,0.0,0,0,0,0,0,0,0,0,0,0,0,
11/2/2024,10:00,11/3/2024,9:30,23.50,3.6,3.4,2674,1195,18.24,100%,"7,381",13.2,3.96,,,0,0,0,0,0,0.0,0,0,0,0,0,0,0,0,0,0,0,
11/3/2024,9:30,11/4/2024,10:30,35.00,3.7,3.6,4862,4814,44.19,100%,"7,624",12.7,3.72,,,0,0,0,0,0,0.0,0,0,0,0,0,0,0,0,0,0,0,
11/4/2024,10:30,11/5/2024,9:15,22.75,3.6,3.6,4352,4406,40.55,100%,"7,607",12.9,3.60,,,0,0,0,0,0,0.0,0,0,0,0,0,0,0,0,0,0,0,
11/5/2024,9:15,11/6/2024,10:00,24.75,3.6,3.6,4668,4683,43.29,100%,"7,413",12.0,3.85,,,0,0,0,0,0,0.0,0,0,0,0,0,0,0,0,0,0,0,
11/6/2024,10:00,11/7/2024,9:30,23.50,3.6,3.7,4422,4291,39.80,100%,"7,381",11.7,3.92,38,38,0,0,1,0,0,0.0,0,0,0,0,0,0,0,0,0.025124965,0,0,
11/7/2024,9:30,11/8/2024,9:45,24.25,3.4,3.4,4402,4428,43.28,100%,"7,381",11.8,3.54,,,0,0,0,0,0,0.0,0,0,0,0,0,0,0,0,0,0,0,
11/8/2024,9:45,11/9/2024,10:00,24.25,3.4,3.3,4511,4368,44.17,100%,"7,268",11.9,3.67,,,0,0,0,0,0,0.0,0,0,0,0,0,0,0,0,0,0,0,
11/9/2024,10:00,11/10/2024,10:30,24.50,3.4,3.4,4429,4364,43.10,100%,"7,124",12.1,3.40,,,0,0,0,0,0,0.0,0,0,0,0,0,0,0,0,0,0,0,
11/10/2024,10:30,11/11/2024,11:15,24.75,3.3,3.2,4380,4354,44.80,100%,"7,156",12.3,3.09,,,0,0,0,0,0,0.0,0,0,0,0,0,0,0,0,0,0,0,
11/11/2024,11:15,11/12/2024,10:00,22.75,3.3,3.2,3814,4056,40.39,100%,"7,204",11.5,3.02,,,0,0,0,0,0,0.0,0,0,0,0,0,0,0,0,0,0,0,
11/12/2024,10:00,11/13/2024,9:45,23.75,3.3,3.3,4613,4260,44.81,100%,"7,156",11.7,3.69,,,0,0,0,0,0,0.0,0,0,0,0,0,0,0,0,0,0,0,
11/13/2024,9:45,11/14/2024,10:15,24.50,3.3,2.9,4286,3603,42.35,100%,"7,252",11.6,3.71,,,0,0,0,0,0,0.0,0,0,0,0,0,0,0,0,0,0,0,
11/14/2024,10:15,11/15/2024,10:45,24.50,2.9,2.8,4276,3955,48.12,100%,"7,332",11.6,4.25,,,0,0,0,0,0,0.0,0,0,0,0,0,0,0,0,0,0,0,
11/15/2024,10:45,11/16/2024,10:00,23.25,3.5,3.4,4252,4192,40.80,100%,"7,413",11.1,4.71,,,0,0,0,0,0,0.0,0,0,0,0,0,0,0,0,0,0,0,
11/16/2024,10:00,11/17/2024,9:30,23.50,3.4,3.4,4311,4352,42.47,100%,"7,542",10.7,4.82,,,0,0,0,0,0,0.0,0,0,0,0,0,0,0,0,0,0,0,
11/17/2024,9:30,11/18/2024,10:15,24.75,3.2,2.0,4180,3037,47.08,100%,"7,429",10.7,4.57,,,0,0,0,0,0,0.0,0,0,0,0,0,0,0,0,0,0,0,
11/18/2024,10:15,11/19/2024,10:00,23.75,3.3,3.1,4219,4095,43.32,100%,"7,108",10.4,3.91,,,0,0,0,0,0,0.0,0,0,0,0,0,0,0,0,0,0,0,
11/19/2024,10:00,11/20/2024,10:00,24.00,3.2,3.2,4192,4331,44.39,100%,"7,819",10.3,5.08,,,0,0,0,0,0,0.0,0,0,0,0,0,0,0,0,0,0,0,
11/20/2024,10:00,11/21/2024,10:30,24.50,3.2,3.5,2446,1114,18.04,100%,"9,874",10.3,8.72,,,0,0,0,0,0,0.0,0,0,0,0,0,0,0,0,0,0,0,"Raised cones for dramatic rise in flow, traps tucked in to eddie to protect from high debris."
11/21/2024,10:30,12/2/2024,12:00,,,,,,,,,,,,,,,,,,,,,,,,,,,,,,"Cones stay raised due to high flows, and river anchor buoy being submerged. High debris as well. Traps were reattached to river anchor and cones dropped 12/2/2024"
12/2/2024,12:00,12/3/2024,10:45,22.75,2.7,2.7,1411,1468,17.77,100%,"20,651",9.7,15.20,,,0,0,0,0,0,0.0,0,0,0,0,0,0,0,0,0,0,0,
12/3/2024,10:45,12/4/2024,9:45,23.00,2.6,2.6,1778,1828,23.12,100%,"18,269",7.9,15.30,,,0,0,0,0,0,0.0,0,0,0,0,0,0,0,0,0,0,0,
12/4/2024,12:45,12/5/2024,11:30,22.75,3.0,2.5,4579,1728,36.96,100%,"15,935",10.2,14.50,,,0,0,0,0,0,0.0,0,0,0,0,0,0,0,0,0,0,0,
12/5/2024,11:30,12/6/2024,10:00,22.50,2.2,2.9,1471,3940,33.79,100%,"14,282",10.3,12.22,,,0,0,0,0,0,0.0,0,0,0,0,0,0,0,0,0,0,0,
12/6/2024,10:00,12/7/2024,10:15,24.25,2.1,2.2,1235,1279,19.49,100%,"12,609",10.2,12.64,,,0,0,0,0,0,0.0,0,0,0,0,0,0,0,0,0,0,0,
12/7/2024,10:15,12/8/2024,11:00,24.75,3.3,2.2,4565,1106,31.43,100%,"12,252",10.4,11.98,,,0,0,0,0,0,0.0,0,0,0,1,0,0,0,0,0,0,0,
12/8/2024,11:00,12/9/2024,11:00,24.00,3.7,2.2,4891,2042,37.50,100%,"11,657",10.1,11.00,,,0,0,0,0,0,0.0,0,0,0,0,0,0,0,0,0,0,0,
12/9/2024,11:00,12/10/2024,11:00,24.00,3.5,3.9,4800,4895,43.78,100%,"10,962",9.6,10.02,,,0,0,0,0,0,0.0,0,0,0,0,0,0,0,0,0,0,0,
12/10/2024,11:00,12/11/2024,11:30,24.50,4.2,2.1,5439,2240,39.36,100%,"10,908",9.1,9.01,,,0,0,0,0,0,0.0,0,0,0,0,0,0,0,0,0,0,0,
12/11/2024,11:30,12/12/2024,11:30,24.00,4.2,3.9,3951,3568,30.93,100%,"10,980",9.4,9.37,,,0,0,0,0,0,0.0,0,0,0,0,0,0,0,0,0,0,0,
12/12/2024,11:30,12/13/2024,12:00,24.50,3.9,3.7,4174,3653,34.29,100%,"12,139",9.7,10.30,,,0,0,0,0,0,0.0,0,0,0,0,0,0,0,0,0,0,0,Cones Raised due to increased flows
12/13/2024,12:00,12/17/2024,12:45,,,,,,,,,,,,,,,,,,,,,,,,,,,,,,Dropped Cones 12/17 @12:45
12/17/2024,12:45,12/18/2024,11:30,22.75,3.9,2.9,356,477,4.26,100%,"41,989",9.3,77.63,35,61,3,9,1,0,0,0.0,0,0,0,0,1,0,0.703771563,2.111314689,0.234590521,0,0.234590521,
12/18/2024,11:30,12/19/2024,10:45,23.25,0.8,0.8,344,230,11.96,100%,"40,621",9.5,55.12,34,72,3,2,1,0,0,0.0,0,0,0,0,0,0,0.25087108,0.167247387,0.083623693,0,0,
12/19/2024,10:45,12/20/2024,11:45,25.00,1.6,2.6,636,2171,20.54,100%,"35,875",9.5,45.41,34,68,6,8,5,0,0,0.0,0,0,2,0,0,0,0.292089249,0.389452333,0.243407708,0,0,
12/20/2024,11:45,12/21/2024,11:45,24.00,2.2,1.8,1068,1028,17.61,100%,"31,408",9.5,38.61,35,35,1,0,0,0,0,0.0,0,1,0,0,0,0,0.056787763,0,0,0,0,Raised cones due to increased debris levels coming down the river.
12/21/2024,11:45,1/2/2025,12:00,,,,,,,,,,,,,,,,,,,,,,,,,,,,,,Cones still raised due to debris and increase in flows. Cones began fishing again at 12:00 1/2/2025
1/2/2025,12:00,1/3/2025,10:15,22.25,5.3,2.1,867,1959,18.27,100%,"46,645",10.0,48.42,32,46,46,14,0,0,0,0.0,1,2,0,0,0,0,2.517232902,0.766114362,0,0,0,
1/3/2025,10:15,1/4/2025,10:30,24.25,1.2,1,1386,766,32.02,100%,"44,244",9.9,37.93,31,42,41,8,0,0,0,0.0,0,0,0,0,0,0,1.28058303,0.249869859,0,0,0,
1/4/2025,10:30,1/5/2025,11:00,24.50,3.8,2.5,511,1983,15.46,100%,"43,425",10.0,34.59,31,45,15,9,0,0,0,0.0,2,1,0,0,0,0,0.97016873,0.582101238,0,0,0,
1/5/2025,11:00,1/6/2025,10:00,23.00,3.1,2.4,1611,539,12.40,100%,"43,807",10.1,43.15,30,60,71,11,1,0,0,0.0,0,0,0,0,0,0,5.723800408,0.886785979,0.080616907,0,0,
1/6/2025,10:00,1/7/2025,10:30,24.50,4.8,3.7,6492,4396,42.34,100%,"42,990",10.1,35.57,33,50,116,11,0,0,0,0.0,0,0,0,0,0,0,2.739501609,0.259780325,0,0,0,
1/7/2025,10:30,1/8/2025,10:00,23.50,3,3.3,6169,4265,55.81,100%,"40,274",10.0,29.53,33,116,80,2,0,1,0,0.0,0,1,0,0,0,0,1.433367418,0.035834185,0,0.017917093,0,
1/8/2025,10:00,1/9/2025,11:30,25.50,2,0.8,3639,1830,68.45,100%,"37,143",9.8,24.78,31,57,148,9,0,0,0,0.0,0,0,0,0,0,0,2.162162162,0.131482834,0,0,0,
1/9/2025,11:30,1/10/2025,10:00,22.50,4.6,1.6,2155,3085,39.94,100%,"34,749",9.8,13.30,32,42,39,0,0,0,0,0.0,0,0,0,0,1,0,0.976381881,0,0,0,0.025035433,
1/10/2025,10:00,1/11/2025,10:45,24.75,4.3,2.8,5104,1258,27.27,100%,"33,078",9.8,24.34,32,47,57,12,0,0,0,0.0,0,0,0,0,0,0,2.090129235,0.440027207,0,0,0,
1/11/2025,10:45,1/12/2025,9:45,23.00,4.3,4.5,5145,5729,41.16,100%,"31,730",9.5,22.51,32,45,38,1,0,0,0,0.0,0,0,0,0,0,0,0.923217933,0.024295209,0,0,0,
1/12/2025,9:45,1/13/2025,10:00,24.25,4.4,4.4,5151,5374,39.87,100%,"30,399",9.2,21.74,33,45,46,1,0,0,0,0.0,0,0,0,0,0,2,1.153824228,0.025083135,0,0,0,
1/13/2025,10:00,1/14/2025,10:30,24.50,3.6,3.4,3003,3894,32.99,100%,"29,060",9.0,20.67,31,47,29,2,0,0,0,0.0,0,0,0,0,0,2,0.879027265,0.06062257,0,0,0,
1/14/2025,10:30,1/15/2025,10:45,24.25,3.7,2,2814,3370,40.76,100%,"27,859",9.0,18.50,32,59,37,2,0,0,0,0.0,0,0,0,0,0,3,0.907774769,0.049068906,0,0,0,
1/15/2025,10:45,1/16/2025,10:30,23.75,5,5.6,5231,910,20.15,100%,"26,414",9.1,17.45,34,74,11,1,1,0,0,0.0,0,0,0,0,0,3,0.546041201,0.049640109,0.049640109,0,0,
1/16/2025,10:30,1/17/2025,11:45,25.25,5.2,5.4,4981,2667,24.20,100%,"24,187",9.6,17.96,35,41,9,0,0,0,0,0.0,0,0,0,0,0,2,0.371958848,0,0,0,0,River Right Cone raised due to debris
1/17/2025,11:45,1/18/2025,11:00,23.25,4.9,5.1,145,5240,17.62,50%,"24,279",9.5,17.12,39,39,1,0,0,0,0,0.0,0,0,0,0,0,0,0.113524257,0,0,0,0,"RR debris cleared, resumed trapping"
1/18/2025,11:00,1/19/2025,10:45,23.75,4.9,4.8,1305,4705,20.78,100%,"20,107",9.4,16.50,35,60,9,1,0,0,0,0.0,0,0,0,0,0,2,0.43320088,0.048133431,0,0,0,
1/19/2025,10:45,1/20/2025,9:30,22.75,4.6,4.7,4075,5551,34.45,100%,"18,565",9.2,14.21,37,45,7,0,0,0,0,0.0,0,0,1,0,0,20,0.203199581,0,0,0,0,
1/20/2025,9:30,1/21/2025,9:45,24.25,4.6,4.6,4288,3271,27.39,100%,"17,349",8.7,14.81,34,45,9,0,0,0,0,0.0,0,0,0,0,0,9,0.328614896,0,0,0,0,RR raised to replace foam collar next day
1/21/2025,9:45,1/22/2025,10:30,24.75,0.1,4.3,1,5847,22.83,50%,"15,844",8.6,13.28,33,37,2,0,0,0,0,0.0,1,0,0,0,0,7,0.175212224,0,0,0,0,"Foam collar replaced, RR started fishing again"
1/22/2025,10:30,1/23/2025,10:30,24.00,4.4,4.1,2116,2002,16.15,100%,"14,973",8.6,14.38,34,43,8,0,0,0,0,0.0,0,0,0,0,0,3,0.495252911,0,0,0,0,
1/23/2025,10:30,1/24/2025,10:45,24.25,4.2,3.9,5511,492,23.97,100%,"14,973",8.7,12.83,37,51,2,1,0,0,0,0.0,0,0,0,0,1,0,0.08343202,0.04171601,0,0,0.04171601,
1/24/2025,10:45,1/25/2025,10:00,23.25,4.2,4,1853,1557,13.84,100%,"14,834",8.8,12.47,44,44,1,0,0,0,0,0.0,0,0,0,0,0,4,0.072250814,0,0,0,0,
1/25/2025,10:00,1/26/2025,11:00,25.00,4.3,4,5542,1560,27.98,100%,"14,397",8.8,11.31,40,51,3,1,0,0,0,0.0,0,0,0,0,0,9,0.107217066,0.035739022,0,0,0,
1/26/2025,11:00,1/27/2025,9:30,22.50,4.3,4.1,5166,4833,39.67,100%,"14,204",8.3,11.03,36,36,1,0,0,0,0,0.0,0,0,0,0,0,7,0.025208222,0,0,0,0,
1/27/2025,9:30,1/28/2025,9:45,24.25,4.2,3.8,5450,4989,43.51,100%,"13,873",8.3,10.43,34,43,2,0,0,0,0,0.0,0,0,0,0,0,4,0.045967963,0,0,0,0,
1/28/2025,9:45,1/29/2025,10:15,24.50,4.1,3.7,5400,4934,44.18,100%,"14,361",8.4,10.29,35,60,3,1,0,0,0,0.0,0,0,0,0,0,3,0.067909494,0.022636498,0,0,0,
1/29/2025,10:15,1/30/2025,10:30,24.25,4.1,3.6,5286,4803,43.72,100%,"14,459",8.5,11.07,35,56,8,4,0,0,0,0.0,0,0,0,0,0,4,0.182966228,0.091483114,0,0,0,
1/30/2025,10:30,1/31/2025,10:00,23.50,4.2,3.7,1782,826,10.79,100%,"16,791",8.4,17.54,34,56,9,2,0,0,0,0.0,0,0,0,0,0,1,0.833939538,0.185319897,0,0,0,
1/31/2025,10:00,2/1/2025,11:45,25.75,4.4,4.2,5952,800,25.72,100%,"20,477",8.6,12.67,32,68,78,3,0,0,0,0.0,0,0,0,0,0,5,3.032652603,0.116640485,0,0,0,"Raised cones for dramatic rise in flow, traps tucked in to eddie to protect from high debris."
2/1/2025,11:45,2/15/2025,11:15,,,,,,#DIV/0!,,,,,,,,,,,,#DIV/0!,,,,,,,#DIV/0!,#DIV/0!,#DIV/0!,#DIV/0!,#DIV/0!,Traps began trapping again on Saturday 2/15/2025
2/15/2025,11:15,2/16/2025,10:30,23.25,5,4.7,4240,3658,27.10,100%,"66,280",9.7,21.56,35,60,291,2,0,0,0,0.0,0,0,0,0,0,0,10.73604061,0.073787221,0,0,0,
2/16/2025,10:30,2/17/2025,10:00,23.50,2.8,1.9,3464,2626,43.65,100%,"65,306",9.8,20.23,35,60,207,2,0,0,0,0.0,0,0,0,0,0,0,4.741818808,0.045814674,0,0,0,
2/17/2025,10:00,2/18/2025,11:00,25.00,3.4,3.1,4355,3427,39.77,100%,"63,923",9.7,20.41,36,70,473,4,0,0,0,0.0,0,0,0,0,0,0,11.89255853,0.10057132,0,0,0,
2/18/2025,11:00,2/19/2025,10:00,23.00,4,2.7,767,2870,20.91,100%,"62,687",10.0,19.07,35,56,134,1,0,0,0,0.0,0,0,0,0,0,0,6.40784007,0.047819702,0,0,0,
2/19/2025,10:00,2/20/2025,10:00,24.00,3.7,3.2,4724,3831,41.23,100%,"62,004",9.9,22.69,34,104,257,1,2,0,0,0.0,0,0,0,0,0,0,6.232961781,0.02425277,0.048505539,0,0,
2/20/2025,10:00,2/21/2025,10:15,24.25,3.6,2.8,5165,4194,48.88,100%,"60,848",10.1,18.51,32,64,125,5,0,0,0,0.0,0,0,0,0,0,0,2.557475542,0.102299022,0,0,0,
2/21/2025,10:15,2/22/2025,10:45,24.50,2.9,1.4,3143,1861,40.22,100%,"59,730",10.3,19.12,34,71,152,4,0,0,0,0.0,0,0,0,0,0,1,3.779404109,0.099458003,0,0,0,
2/22/2025,10:45,2/23/2025,9:45,23.00,2.3,1.9,3003,1584,35.66,100%,"58,656",10.6,18.22,35,68,242,3,0,0,0,0.0,0,0,0,0,0,0,6.78715143,0.084138241,0,0,0,
2/23/2025,9:45,2/24/2025,9:30,23.75,1.9,1.7,2632,1335,36.18,100%,"57,439",10.6,18.55,36,81,136,4,1,0,0,0.0,0,1,0,0,0,0,3.759403215,0.110570683,0.027642671,0,0,
2/24/2025,9:30,2/25/2025,10:15,24.75,2.9,2.2,2427,1411,24.64,100%,"55,849",10.8,18.02,35,83,96,2,1,0,0,0.0,0,0,3,0,0,0,3.896472385,0.081176508,0.040588254,0,0,
2/25/2025,10:15,2/26/2025,9:15,23.00,4.1,2.1,2514,1913,25.40,100%,"53,690",10.8,18.74,35,102,86,2,1,0,0,0.0,0,0,1,0,0,0,3.385553278,0.078733797,0.039366899,0,0,
2/26/2025,9:15,2/27/2025,10:30,24.75,1.4,1.7,335,1501,18.70,100%,"50,672",11.1,19.80,30,84,66,3,1,0,0,0.0,0,0,0,0,0,0,3.528698192,0.160395372,0.053465124,0,0,
2/27/2025,10:30,2/28/2025,10:45,24.25,2.3,1.6,2490,1497,33.64,100%,"47,426",11.1,18.07,34,72,63,4,0,0,0,0.0,0,0,3,0,0,0,1.872924829,0.118915862,0,0,0,
2/28/2025,10:45,3/1/2025,12:15,25.50,1.5,1.3,99,248,4.28,100%,"43,916",11.3,18.21,46,52,7,0,0,0,0,0.0,0,0,0,0,0,0,1.635710006,0,0,0,0,
3/1/2025,12:15,3/2/2025,10:15,22.00,0.6,0.2,345,162,23.08,100%,"40,942",11.6,15.78,35,57,30,0,0,0,0,0.0,0,0,0,0,0,0,1.299638989,0,0,0,0,
3/2/2025,10:15,3/3/2025,10:15,24.00,0.4,0.1,667,347,85.63,100%,"38,344",11.2,14.16,41,63,9,2,0,0,0,0.0,0,0,0,0,0,1,0.105109489,0.023357664,0,0,0,
3/3/2025,10:15,3/4/2025,10:15,24.00,3.2,2,345,368,4.86,100%,"37,143",11.2,12.72,,,0,0,0,0,0,0.0,0,0,0,0,0,0,0,0,0,0,0,
3/4/2025,10:15,3/5/2025,10:15,24.00,2.9,3.3,2104,3752,31.04,100%,"36,056",11.2,12.94,34,87,37,4,1,0,0,0.0,0,0,0,0,0,0,1.191954668,0.128859964,0.032214991,0,0,
3/5/2025,10:15,3/6/2025,10:15,24.00,3.3,3.8,3292,4307,35.52,100%,"34,621",10.7,12.75,36,74,22,2,0,0,0,0.0,0,0,3,0,0,0,0.619428426,0.056311675,0,0,0,
3/6/2025,10:15,3/7/2025,10:00,23.75,2.6,3.2,1803,3883,31.78,100%,"32,953",10.4,10.95,36,107,39,1,1,0,0,0.0,0,0,6,0,0,0,1.227123174,0.031464697,0.031464697,0,0,
3/7/2025,10:00,3/8/2025,10:00,24.00,2.1,2.9,1093,1661,18.22,100%,"31,507",10.7,11.69,37,54,15,0,0,0,0,0.0,0,0,1,0,0,0,0.823244916,0,0,0,0,
3/8/2025,10:00,3/14/2025,12:00,,,,,,,,,,,,,,,,,,,,,,,,,,,,,,"Anchor Lines twisted, had to end trapping"
3/14/2025,12:00,3/15/2025,9:45,21.75,5.1,5.2,3045,4513,24.42,100%,"31,681",10.0,10.98,45,55,6,0,0,0,0,0.0,0,0,0,0,0,0,0.245743276,0,0,0,0,
3/15/2025,9:45,3/16/2025,10:15,24.50,5.4,5.6,2012,2000,12.16,100%,"33,809",9.9,11.44,37,79,1,0,0,0,0,0.0,0,2,0,0,0,0,0.082221578,0,0,0,0,Tree blocking RL and stopping RR.
3/16/2025,10:15,3/20/2025,11:30,,,,,,,,,,,,,,,,,,,,,,,,,,,,,,Traps began trapping again on Thursday 3/20/2025
3/20/2025,11:30,3/21/2025,10:45,23.25,6.3,6.5,7883,5720,35.52,100%,"45,924",10.7,13.68,35,82,38,8,0,0,0,0.0,0,3,0,0,0,0,1.069784762,0.225217845,0,0,0,
3/21/2025,10:45,3/22/2025,11:00,24.25,6.3,6.3,8351,8744,45.22,100%,"45,896",10.7,13.12,37,86,36,29,0,0,0,0.0,0,12,1,0,0,0,0.796022229,0.641240129,0,0,0,
3/22/2025,11:00,3/23/2025,10:00,23.00,6.4,6.5,8297,8146,42.49,100%,"45,040",10.9,10.36,38,89,88,78,0,0,0,0.0,7,94,1,0,0,0,2.070883016,1.835555401,0,0,0,
3/23/2025,10:00,3/24/2025,10:30,24.50,6.6,6.5,3559,8517,30.83,100%,"44,217",11.5,10.10,42,85,39,23,0,0,0,0.0,1,24,0,0,0,0,1.26517253,0.746127389,0,0,0,
3/24/2025,10:30,3/25/2025,11:00,24.50,6.4,6.6,6149,1809,20.58,100%,"43,207",12.3,10.39,40,82,19,12,0,0,0,0.0,1,5,0,0,0,0,0.923172485,0.583056306,0,0,0,
3/25/2025,11:00,3/26/2025,10:00,23.00,6.4,6.4,6358,6895,34.51,100%,"42,043",13.1,9.46,57,80,5,4,0,0,0,0.0,0,4,0,0,0,0,0.144872859,0.115898287,0,0,0,
3/26/2025,10:00,3/27/2025,10:45,24.75,5.7,5.3,7387,4784,36.64,100%,"40,701",13.6,10.21,54,83,5,5,0,0,0,0.0,1,2,0,0,0,0,0.13645007,0.13645007,0,0,0,
3/27/2025,10:45,3/28/2025,11:15,24.50,5.5,5.5,3259,7158,31.57,100%,"39,345",13.2,114.30,66,71,2,0,0,0,0,0.0,0,3,0,0,0,0,0.063357973,0,0,0,0,Shore Anchor cable was cut. The cones were raised and the traps were tucked. New shore anchor set 3/30/2025 but left traps tucked until flows become more stable.
3/28/2025,11:15,4/4/2025,11:15,,,,,,,100%,"40,487",11.7,8.70,,,,,,,,,,,,,,,,,,,,Traps started fishing again 4/4/2025 at 11:15am
4/4/2025,11:15,4/5/2025,10:30,23.25,3.3,3.1,5339,4514,51.23,100%,"38,791",12.1,8.68,36,86,18,7,0,0,0,0.0,2,5,0,0,0,0,0.351332873,0.136629451,0,0,0,
4/5/2025,10:30,4/6/2025,10:00,23.50,3.4,1.2,4747,1209,40.06,100%,"37,481",12.5,7.45,75,87,1,5,0,0,0,0.0,0,0,0,0,0,0,0.024961762,0.12480881,0,0,0,
4/6/2025,10:00,4/7/2025,9:30,23.50,3.1,1.3,3574,2361,49.48,100%,"35,978",12.8,8.06,44,82,4,2,0,0,0,0.0,2,0,1,0,0,0,0.080833744,0.040416872,0,0,0,
4/7/2025,9:30,4/8/2025,9:30,24.00,3,2.2,3449,2013,34.41,100%,"35,132",12.8,6.93,40,86,15,1,0,0,0,0.0,0,1,0,0,0,0,0.435905715,0.029060381,0,0,0,
4/8/2025,9:30,4/9/2025,11:30,26.00,4.4,3.2,894,2573,16.79,100%,"34,469",13.3,8.15,60,90,2,5,0,0,0,0.0,1,2,0,0,0,0,0.119136934,0.297842335,0,0,0,
4/9/2025,11:30,4/10/2025,10:45,23.25,4,3.5,4512,2829,32.27,100%,"34,367",13.8,6.97,40,84,26,7,0,0,0,0.0,1,2,0,0,0,0,0.805666224,0.216910137,0,0,0,
4/10/2025,10:45,4/11/2025,11:45,25.00,3.7,2.5,868,2198,18.56,100%,"34,570",13.9,7.46,57,95,6,5,0,0,0,0.0,3,4,0,0,0,0,0.323219382,0.269349485,0,0,0,
4/11/2025,11:45,4/12/2025,10:45,23.00,3.6,2.1,3671,1968,32.61,100%,"34,189",13.9,7.58,59,92,16,16,0,0,0,0.0,5,6,0,0,0,0,0.490580577,0.490580577,0,0,0,
4/12/2025,10:45,4/13/2025,10:30,23.75,4.1,3.7,4245,2931,30.46,100%,"33,078",14.2,9.47,38,100,43,19,0,0,0,0.0,12,18,0,0,0,0,1.411743064,0.623793447,0,0,0,
4/13/2025,10:30,4/14/2025,9:30,23.00,4.9,4.6,5702,4759,36.64,100%,"32,878",14.5,7.70,55,89,56,17,0,0,0,0.0,9,13,0,0,0,0,1.528496437,0.464007847,0,0,0,
4/14/2025,9:30,4/15/2025,9:00,23.50,4.4,4.3,4557,3572,31.11,100%,"31,359",14.9,10.03,44,92,10,3,0,0,0,0.0,1,0,0,0,0,0,0.321478029,0.096443409,0,0,0,
4/15/2025,9:00,4/16/2025,12:15,27.25,0.1,2.4,5,3832,27.44,50%,"29,521",,8.26,72,89,1,3,0,0,0,0.0,1,2,0,0,0,0,0.072874494,0.218623482,0,0,0,"RR cone was raised due to log, began fishing again"
4/16/2025,12:15,4/17/2025,11:15,23.00,3.1,1.8,4207,2661,47.26,100%,"27,288",14.9,9.51,52,99,7,4,0,0,0,0.0,3,3,0,0,0,0,0.148125675,0.084643243,0,0,0,
4/17/2025,11:15,4/18/2025,12:30,25.25,3.6,2.7,2318,1662,20.99,100%,"25,922",14.8,10.46,48,80,5,0,0,0,0,0.0,0,0,0,0,0,0,0.238200265,0,0,0,0,
4/18/2025,12:30,4/19/2025,10:45,22.25,3.5,3.8,4004,2973,32.11,100%,"26,791",15.1,9.18,37,92,10,2,0,0,0,0.0,2,3,0,0,0,0,0.3114669,0.06229338,0,0,0,
4/19/2025,10:45,4/20/2025,9:15,22.50,1.4,0.2,335,,3.99,100%,"26,649",15.2,8.56,53,62,2,0,0,0,0,0.0,0,0,0,0,0,0,0.501492537,0,0,0,0,Raised cones due to large trees on traps
4/22/2025,12:45,4/23/2025,10:15,21.50,3.8,2.4,816,960,10.25,100%,"23,163",15.5,8.68,73,87,3,1,0,0,0,0.0,0,1,0,0,0,0,0.292808219,0.09760274,0,0,0,Cones dropped Tuesday 4/22
4/23/2025,10:15,4/24/2025,12:15,26.00,3.5,2.3,892,105,5.01,100%,"20,064",15.5,10.17,0,0,0,0,0,0,0,0.0,0,0,0,0,0,0,0,0,0,0,0,
4/24/2025,12:15,4/25/2025,10:45,22.50,2.9,2,364,745,8.30,100%,"17,536",15.2,11.32,68,68,1,0,0,0,0,0.0,0,0,0,0,0,0,0.120477757,0,0,0,0,
4/25/2025,10:45,4/26/2025,10:30,23.75,2.3,2.1,855,120,7.15,100%,"15,854",15.1,12.48,63,82,4,0,0,0,0,0.0,1,0,0,0,0,0,0.559594497,0,0,0,0,
4/26/2025,10:30,4/27/2025,11:00,24.5,1.7,1.4,451,1525,22.58,100%,"15,072",14.2,9.59,85,85,4,0,0,0,0,0.0,0,0,0,0,0,0,0.177176711,0,0,0,0,
4/27/2025,11:00,4/28/2025,10:30,23.5,1.8,1.2,249,1694,25.83,100%,"14,774",13.7,8.42,0,0,0,0,0,0,0,0.0,0,0,0,0,0,0,0,0,0,0,0,
4/28/2025,10:30,4/29/2025,9:30,23,1.4,1.3,1571,1487,37.77,100%,"14,854",14.8,7.65,75,86,14,0,0,0,0,0.0,5,0,0,0,0,0,0.370699062,0,0,0,0,
4/29/2025,9:30,4/30/2025,10:45,24.25,1.5,1.5,1842,1562,37.82,100%,"14,735",15.5,7.61,69,90,14,1,0,0,0,0.0,0,0,0,0,0,0,0.370152761,0.026439483,0,0,0,
4/30/2025,10:45,5/1/2025,9:45,23,1.4,0.4,788,475,29.17,100%,"14,992",16.2,8.41,0,0,0,0,0,0,0,0.0,0,0,0,0,0,0,0,0,0,0,0,
5/1/2025,9:45,5/2/2025,12:30,26.75,1.5,0.3,1037,404,33.97,100%,"16,791",17.0,10.90,0,0,0,0,0,0,0,0.0,0,0,0,0,0,0,0,0,0,0,0,
5/2/2025,12:30,5/3/2025,11:30,23,3,2.5,596,601,7.32,100%,"17,039",16.9,10.09,0,0,0,0,0,0,0,0.0,0,0,0,0,0,0,0,0,0,0,0,1 E-Trial Recap
5/3/2025,11:30,5/4/2025,10:00,22.5,2.6,2,1225,1735,22.31,100%,"17,121",16.7,10.25,74,95,13,2,0,0,0,0.0,5,2,0,0,0,0,0.582674903,0.089642293,0,0,0,
5/4/2025,10:00,5/5/2025,10:00,24,2.4,2.1,2651,1940,33.81,100%,"16,812",16.3,10.67,66,91,18,0,0,0,0,0.0,6,0,0,0,0,0,0.532441236,0,0,0,0,
5/5/2025,10:00,5/6/2025,10:15,24.25,1.7,1.5,2297,860,32.08,100%,"15,492",16.2,8.76,76,91,15,0,0,0,0,0.0,1,0,0,0,0,0,0.467651554,0,0,0,0,
5/6/2025,10:15,5/7/2025,11:00,24.75,1.5,1.3,870,650,18.00,100%,"13,582",16.7,6.79,0,0,0,0,0,0,0,0.0,0,0,0,0,0,0,0,0,0,0,0,
5/7/2025,11:00,5/8/2025,12:30,,,,,,,,"11,972",17.2,8.98,,,,,,,,,,,,,,,,,,,,Cones were raised for maintenance and to change to low flow anchor
5/8/2025,12:30,5/9/2025,11:00,22.5,1.6,1.7,1734,595,23.90,100%,"11,053",17.7,7.87,77,84,3,0,0,0,0,0.0,0,0,0,0,0,0,0.1255449,0,0,0,0,
5/9/2025,11:00,5/10/2025,13:30,26.5,1.5,1.2,1104,1475,32.75,100%,7284*,19.2,9.13,69,89,8,0,0,0,0,0.0,2,0,0,0,0,0,0.244254092,0,0,0,0,
5/10/2025,13:30,5/11/2025,11:15,21.75,1.5,1.1,421,267,8.72,100%,8299*,18.6,9.58,67,79,3,0,0,0,0,0.0,0,0,0,0,0,0,0.343909217,0,0,0,0,
5/11/2025,11:15,5/12/2025,10:45,23.5,1.7,1.4,1049,379,14.80,100%,10800*,18.1,16.65,70,80,4,0,0,0,0,0.0,0,0,0,0,0,0,0.270339344,0,0,0,0,
5/12/2025,10:45,5/13/2025,10:15,23.5,2.1,2,1016,2439,28.39,100%,"15,814",16.7,12.07,70,70,1,0,0,0,0,0.0,0,0,0,0,0,0,0.035225541,0,0,0,0,
5/13/2025,10:15,5/14/2025,10:30,24.25,2.3,2.3,2785,676,25.08,100%,7413*,16.5,10.46,44,68,3,0,0,0,0,0.0,1,0,0,0,0,0,0.119618607,0,0,0,0,
5/14/2025,10:30,5/15/2025,10:30,24,2.5,2.5,1443,1731,21.16,100%,"15,935",16.6,9.34,,,0,0,0,0,0,0.0,0,0,0,0,0,0,0,0,0,0,0,"E-trial started, released 4369 Bismark Brown stained Fall Run Chinook"
5/15/2025,10:30,5/16/2025,10:30,24,2.1,1.7,814,1540,21.56,100%,"14,933",17.2,8.96,,,0,0,0,0,0,0.0,0,0,0,0,0,0,0,0,0,0,0,1 E-Trial Recap
5/16/2025,10:30,5/17/2025,11:00,24.5,1.5,1.5,709,568,14.19,100%,"13,776",17.6,8.90,,,0,0,0,0,0,0.0,0,0,0,0,0,0,0,0,0,0,0,
5/17/2025,11:00,5/18/2025,10:00,23,1.8,1.7,672,1215,18.13,100%,"12,533",17.9,8.93,,,0,0,0,0,0,0.0,0,0,0,0,0,0,0,0,0,0,0,
5/18/2025,10:00,5/19/2025,10:30,24.5,1.6,1.4,1936,1938,43.24,100%,"12,552",18.3,8.03,,,0,0,0,0,0,0.0,0,0,0,0,1,0,0,0,0,0,0.023127753,
5/19/2025,10:30,5/20/2025,10:15,23.75,1.5,1.5,1024,1828,31.69,100%,"12,270",18.6,7.88,52,52,1,0,0,0,0,0.0,0,0,0,0,0,0,0.031556802,0,0,0,0,
5/20/2025,10:15,5/21/2025,10:30,24.25,1.5,1.5,1741,43,19.82,100%,"11,675",18.5,7.14,,,0,0,0,0,0,0.0,0,0,0,0,0,0,0,0,0,0,0,Cones raised due to boat maintenance 
5/21/2025,,5/22/2025,,,,,,,#DIV/0!,,,,,,,,,,,,,,,,,,,,,,,,Cones Dropped Thursday 5/22 12:15
5/22/2025,12:15,5/23/2025,10:15,22,1.4,1.4,259,168,5.08,100%,"13,390",18.2,8.90,,,1,0,0,0,0,0.0,0,0,0,0,0,0,0.196721311,0,0,0,0,Raised Cones for holiday weekend
5/23/2025,,5/24/2025,,,,,,,,,,,,,,,,,,,,,,,,,,,,,,,
5/24/2025,,5/25/2025,10:15,,,,,,,,,,,,,,,,,,,,,,,,,,,,,,Dropped Cones 5/25 10:15
5/25/2025,10:15,5/26/2025,9:45,23.5,1.8,1.9,783,2447,28.71,100%,"14,893",17.8,8.28,,,0,0,0,0,0,0.0,0,0,0,0,0,0,0,0,0,0,0,
5/26/2025,9:45,5/27/2025,10:30,24.75,1.8,2.1,2256,99,21.67,100%,"15,291",18.3,7.48,,,0,0,0,0,0,0.0,0,0,0,0,0,0,0,0,0,0,0,
5/27/2025,10:30,5/28/2025,10:15,23.75,1.9,2,2410,717,27.12,100%,"14,459",18.6,6.80,,,0,0,0,0,0,0.0,0,0,0,0,0,0,0,0,0,0,0,
5/28/2025,10:15,5/29/2025,10:30,24.25,1.7,1.7,2233,2308,44.52,100%,"13,718",18.9,7.21,94,94,1,0,0,0,0,0.0,1,0,0,0,0,0,0.022462013,0,0,0,0,
5/29/2025,10:30,5/30/2025,9:00,22.5,1.6,1.7,1990,2157,41.88,100%,"13,390",19.7,7.87,,,0,0,0,0,0,0.0,0,0,0,0,0,0,0,0,0,0,0,
5/30/2025,9:00,5/31/2025,9:30,24.5,1.7,1.8,2121,2290,42.00,100%,"13,121",20.5,8.74,,,0,0,0,0,0,0.0,0,0,0,0,0,0,0,0,0,0,0,Cones raised due to temperature
,,,,,,,,,,,,,,,,,,,,,,,,,,,,,,,,,
,,,,,,,,,,,,,,,,,,,,,,,,,,,,,,,,,
,,,,,,,,,,,,,,,,,,,,,,,,,,,,,,,,,
,,,,,,,,,,,,,,,,,,,,,,,,,,,,,,,,,
,,,,,,,,,,,,,,,,,,,,,,,,,,,,,,,,,
,,,,,,,,,,,,,,,,,,,,,,,,,,,,,,,,,
,,,,,,,,,,,,,,,,,,,,,,,,,,,,,,,,,
,,,,,,,,,,,,,,,,,,,,,,,,,,,,,,,,,
,,,,,,,,,,,,,,,,,,,,,,,,,,,,,,,,,
,,,,,,,,,,,,,,,,,,,,,,,,,,,,,,,,,
,,,,,,,,,,,,,,,,,,,,,,,,,,,,,,,,,
,,,,,,,,,,,,,,,,,,,,,,,,,,,,,,,,,
,,,,,,,,,,,,,,,,,,,,,,,,,,,,,,,,,
,,,,,,,,,,,,,,,,,,,,,,,,,,,,,,,,,
,,,,,,,,,,,,,,,,,,,,,,,,,,,,,,,,,
,,,,,,,,,,,,,,,,,,,,,,,,,,,,,,,,,
,,,,,,,,,,,,,,,,,,,,,,,,,,,,,,,,,
,,,,,,,,,,,,,,,,,,,,,,,,,,,,,,,,,
,,,,,,,,,,,,,,,,,,,,,,,,,,,,,,,,,
,,,,,,,,,,,,,,,,,,,,,,,,,,,,,,,,,
,,,,,,,,,,,,,,,,,,,,,,,,,,,,,,,,,
,,,,,,,,,,,,,,,,,,,,,,,,,,,,,,,,,
,,,,,,,,,,,,,,,,,,,,,,,,,,,,,,,,,
,,,,,,,,,,,,,,,,,,,,,,,,,,,,,,,,,
,,,,,,,,,,,,,,,,,,,,,,,,,,,,,,,,,
,,,,,,,,,,,,,,,,,,,,,,,,,,,,,,,,,
,,,,,,,,,,,,,,,,,,,,,,,,,,,,,,,,,
,,,,,,,,,,,,,,,,,,,,,,,,,,,,,,,,,
,,,,,,,,,,,,,,,,,,,,,,,,,,,,,,,,,
,,,,,,,,,,,,,,,,,,,,,,,,,,,,,,,,,
,,,,,,,,,,,,,,,,,,,,,,,,,,,,,,,,,
,,,,,,,,,,,,,,,,,,,,,,,,,,,,,,,,,
,,,,,,,,,,,,,,,,,,,,,,,,,,,,,,,,,
,,,,,,,,,,,,,,,,,,,,,,,,,,,,,,,,,
,,,,,,,,,,,,,,,,,,,,,,,,,,,,,,,,,
,,,,,,,,,,,,,,,,,,,,,,,,,,,,,,,,,
,,,,,,,,,,,,,,,,,,,,,,,,,,,,,,,,,
,,,,,,,,,,,,,,,,,,,,,,,,,,,,,,,,,
,,,,,,,,,,,,,,,,,,,,,,,,,,,,,,,,,
,,,,,,,,,,,,,,,,,,,,,,,,,,,,,,,,,
,,,,,,,,,,,,,,,,,,,,,,,,,,,,,,,,,
,,,,,,,,,,,,,,,,,,,,,,,,,,,,,,,,,
,,,,,,,,,,,,,,,,,,,,,,,,,,,,,,,,,
,,,,,,,,,,,,,,,,,,,,,,,,,,,,,,,,,
,,,,,,,,,,,,,,,,,,,,,,,,,,,,,,,,,
,,,,,,,,,,,,,,,,,,,,,,,,,,,,,,,,,
,,,,,,,,,,,,,,,,,,,,,,,,,,,,,,,,,
,,,,,,,,,,,,,,,,,,,,,,,,,,,,,,,,,
,,,,,,,,,,,,,,,,,,,,,,,,,,,,,,,,,
,,,,,,,,,,,,,,,,,,,,,,,,,,,,,,,,,
,,,,,,,,,,,,,,,,,,,,,,,,,,,,,,,,,
,,,,,,,,,,,,,,,,,,,,,,,,,,,,,,,,,
,,,,,,,,,,,,,,,,,,,,,,,,,,,,,,,,,
,,,,,,,,,,,,,,,,,,,,,,,,,,,,,,,,,
,,,,,,,,,,,,,,,,,,,,,,,,,,,,,,,,,
,,,,,,,,,,,,,,,,,,,,,,,,,,,,,,,,,
,,,,,,,,,,,,,,,,,,,,,,,,,,,,,,,,,
