trap_ID_decimal,batch_date,trap_status,total_sample_minutes,total_catch,catch_imputed,efficiency_imputed,efficiency,unimputed_efficiency,passage,p.c.imputed,p.e.imputed,jday,week,month,year
Lower Feather River RST RL,1/20/2022,fishing,1335.533333,3,FALSE,0.002898971,0.002898971,NA,1035,0,0.002898971,20,3,1,2022
Lower Feather River RST RL,1/21/2022,fishing,1439.6,6,FALSE,0.002898971,0.002898971,NA,2070,0,0.002898971,21,3,1,2022
Lower Feather River RST RL,1/22/2022,fishing,1409.866667,7,FALSE,0.002898971,0.002898971,NA,2415,0,0.002898971,22,3,1,2022
Lower Feather River RST RL,1/23/2022,fishing,1619.933333,3,FALSE,0.002898971,0.002898971,NA,1035,0,0.002898971,23,3,1,2022
Lower Feather River RST RL,1/24/2022,fishing,1275.866667,9,FALSE,0.002898971,0.002898971,NA,3105,0,0.002898971,24,4,1,2022
Lower Feather River RST RL,1/25/2022,fishing,1394.316667,2,FALSE,0.002898971,0.002898971,NA,690,0,0.002898971,25,4,1,2022
Lower Feather River RST RL,1/26/2022,fishing,1455.65,3,FALSE,0.002898971,0.002898971,NA,1035,0,0.002898971,26,4,1,2022
Lower Feather River RST RL,1/27/2022,fishing,1439.466667,6,FALSE,0.002898971,0.002898971,NA,2070,0,0.002898971,27,4,1,2022
Lower Feather River RST RL,1/28/2022,fishing,1454.816667,3,FALSE,0.002898971,0.002898971,NA,1035,0,0.002898971,28,4,1,2022
Lower Feather River RST RL,1/29/2022,fishing,1455.2,9,FALSE,0.002898971,0.002898971,NA,3105,0,0.002898971,29,4,1,2022
Lower Feather River RST RL,1/30/2022,fishing,1440.35,13,FALSE,0.002898971,0.002898971,NA,4484,0,0.002898971,30,4,1,2022
Lower Feather River RST RL,1/31/2022,fishing,1425.166667,13,FALSE,0.002898971,0.002898971,NA,4484,0,0.002898971,31,5,1,2022
Lower Feather River RST RL,2/1/2022,fishing,1484.633333,13,FALSE,0.002898971,0.002898971,NA,4484,0,0.002898971,32,5,2,2022
Lower Feather River RST RL,2/2/2022,fishing,1380.133333,27,FALSE,0.002898971,0.007680492,0.007680492,3515,0,0.002898971,33,5,2,2022
Lower Feather River RST RL,2/3/2022,fishing,1514.65,26,FALSE,0.002898971,0.002898971,NA,8969,0,0.002898971,34,5,2,2022
Lower Feather River RST RL,2/4/2022,fishing,1395.35,27,FALSE,0.002898971,0.002898971,NA,9314,0,0.002898971,35,5,2,2022
Lower Feather River RST RL,2/5/2022,fishing,1439.616667,9,FALSE,0.002898971,0.002898971,NA,3105,0,0.002898971,36,5,2,2022
Lower Feather River RST RL,2/6/2022,Not fishing,1440,12.32244797,TRUE,0.002898971,0.002898971,NA,4251,1,0.002898971,37,5,2,2022
Lower Feather River RST RL,2/7/2022,Not fishing,1440,12.44584274,TRUE,0.002898971,0.002898971,NA,4293,1,0.002898971,38,6,2,2022
Lower Feather River RST RL,2/8/2022,Not fishing,1470.433333,12.83099522,TRUE,0.002898971,0.002898971,NA,4426,1,0.002898971,39,6,2,2022
Lower Feather River RST RL,2/9/2022,fishing,1440.216667,1,FALSE,0.002898971,0.002898971,NA,345,0,0.002898971,40,6,2,2022
Lower Feather River RST RL,2/10/2022,fishing,1379.016667,2,FALSE,0.002898971,0.002898971,NA,690,0,0.002898971,41,6,2,2022
Lower Feather River RST RL,2/11/2022,fishing,1470.95,2,FALSE,0.002898971,0.002898971,NA,690,0,0.002898971,42,6,2,2022
Lower Feather River RST RL,2/12/2022,fishing,1409.3,19,FALSE,0.002898971,0.002898971,NA,6554,0,0.002898971,43,6,2,2022
Lower Feather River RST RL,2/13/2022,fishing,1469.833333,28,FALSE,0.002898971,0.002898971,NA,9659,0,0.002898971,44,6,2,2022
Lower Feather River RST RL,2/14/2022,fishing,1410.066667,1,FALSE,0.002898971,0.002898971,NA,345,0,0.002898971,45,7,2,2022
Lower Feather River RST RL,2/15/2022,fishing,1470.566667,14,FALSE,0.002898971,0.002898971,NA,4829,0,0.002898971,46,7,2,2022
Lower Feather River RST RL,2/16/2022,fishing,1454.533333,3,FALSE,0.002898971,0.002898971,NA,1035,0,0.002898971,47,7,2,2022
Lower Feather River RST RL,2/17/2022,fishing,1395.633333,39,FALSE,0.002898971,0.002898971,NA,13453,0,0.002898971,48,7,2,2022
Lower Feather River RST RL,2/18/2022,fishing,1469.3,35,FALSE,0.002898971,0.002898971,NA,12073,0,0.002898971,49,7,2,2022
Lower Feather River RST RL,2/19/2022,fishing,1410.066667,23,FALSE,0.002898971,0.002898971,NA,7934,0,0.002898971,50,7,2,2022
Lower Feather River RST RL,2/20/2022,fishing,1470.066667,16,FALSE,0.002898971,0.002898971,NA,5519,0,0.002898971,51,7,2,2022
Lower Feather River RST RL,2/21/2022,fishing,1424.783333,16,FALSE,0.002898971,0.002898971,NA,5519,0,0.002898971,52,8,2,2022
Lower Feather River RST RL,2/22/2022,fishing,1425.533333,10,FALSE,0.002898971,0.002898971,NA,3450,0,0.002898971,53,8,2,2022
Lower Feather River RST RL,2/23/2022,fishing,1424.916667,26,FALSE,0.002898971,0.002898971,NA,8969,0,0.002898971,54,8,2,2022
Lower Feather River RST RL,2/24/2022,fishing,1484.75,21,FALSE,0.002898971,0.002898971,NA,7244,0,0.002898971,55,8,2,2022
Lower Feather River RST RL,2/25/2022,fishing,1395.533333,27,FALSE,0.002898971,0.016697588,0.016697588,1617,0,0.002898971,56,8,2,2022
Lower Feather River RST RL,2/26/2022,fishing,1455.15,17,FALSE,0.002898971,0.002898971,NA,5864,0,0.002898971,57,8,2,2022
Lower Feather River RST RL,2/27/2022,fishing,1439.616667,7,FALSE,0.002898971,0.002898971,NA,2415,0,0.002898971,58,8,2,2022
Lower Feather River RST RL,2/28/2022,fishing,1424.733333,10,FALSE,0.002898971,0.002898971,NA,3450,0,0.002898971,59,9,2,2022
Lower Feather River RST RL,3/1/2022,fishing,1484.816667,22,FALSE,0.002898971,0.002898971,NA,7589,0,0.002898971,60,9,3,2022
Lower Feather River RST RL,3/2/2022,fishing,1425.6,23,FALSE,0.002898971,0.002898971,NA,7934,0,0.002898971,61,9,3,2022
Lower Feather River RST RL,3/3/2022,fishing,1469.783333,17,FALSE,0.002898971,0.002898971,NA,5864,0,0.002898971,62,9,3,2022
Lower Feather River RST RL,3/4/2022,fishing,1365.366667,8,FALSE,0.002898971,0.002898971,NA,2760,0,0.002898971,63,9,3,2022
Lower Feather River RST RL,3/5/2022,fishing,1454.55,9,FALSE,0.002898971,0.002898971,NA,3105,0,0.002898971,64,9,3,2022
Lower Feather River RST RL,3/6/2022,fishing,1439.566667,7,FALSE,0.002898971,0.002898971,NA,2415,0,0.002898971,65,9,3,2022
Lower Feather River RST RL,3/7/2022,fishing,1455.683333,2,FALSE,0.002898971,0.002898971,NA,690,0,0.002898971,66,10,3,2022
Lower Feather River RST RL,3/8/2022,fishing,1440.266667,4,FALSE,0.002898971,0.002898971,NA,1380,0,0.002898971,67,10,3,2022
Lower Feather River RST RL,3/9/2022,fishing,1454.35,17,FALSE,0.002898971,0.002898971,NA,5864,0,0.002898971,68,10,3,2022
Lower Feather River RST RL,3/10/2022,fishing,1424.816667,5,FALSE,0.002898971,0.002898971,NA,1725,0,0.002898971,69,10,3,2022
Lower Feather River RST RL,3/11/2022,fishing,1425.816667,21,FALSE,0.002898971,0.002898971,NA,7244,0,0.002898971,70,10,3,2022
Lower Feather River RST RL,3/12/2022,fishing,1454.166667,19,FALSE,0.002898971,0.002898971,NA,6554,0,0.002898971,71,10,3,2022
Lower Feather River RST RL,3/13/2022,fishing,1409.883333,7,FALSE,0.002898971,0.002898971,NA,2415,0,0.002898971,72,10,3,2022
Lower Feather River RST RL,3/14/2022,fishing,1410.616667,6,FALSE,0.002898971,0.002898971,NA,2070,0,0.002898971,73,11,3,2022
Lower Feather River RST RL,3/15/2022,fishing,1469.516667,14,FALSE,0.002898971,0.002898971,NA,4829,0,0.002898971,74,11,3,2022
Lower Feather River RST RL,3/16/2022,fishing,1410.666667,24,FALSE,0.002898971,0.002898971,NA,8279,0,0.002898971,75,11,3,2022
Lower Feather River RST RL,3/17/2022,fishing,1470.016667,23,FALSE,0.002898971,0.002898971,NA,7934,0,0.002898971,76,11,3,2022
Lower Feather River RST RL,3/18/2022,fishing,1394.55,10,FALSE,0.002898971,0.002898971,NA,3450,0,0.002898971,77,11,3,2022
Lower Feather River RST RL,3/19/2022,fishing,1439.733333,9,FALSE,0.002898971,0.002898971,NA,3105,0,0.002898971,78,11,3,2022
Lower Feather River RST RL,3/20/2022,fishing,1439.95,25,FALSE,0.002898971,0.002898971,NA,8624,0,0.002898971,79,11,3,2022
Lower Feather River RST RL,3/21/2022,fishing,1440.5,14,FALSE,0.002898971,0.002898971,NA,4829,0,0.002898971,80,12,3,2022
Lower Feather River RST RL,3/22/2022,fishing,1484.933333,20,FALSE,0.002898971,0.002898971,NA,6899,0,0.002898971,81,12,3,2022
Lower Feather River RST RL,3/23/2022,fishing,1439.9,10,FALSE,0.002898971,0.002898971,NA,3450,0,0.002898971,82,12,3,2022
Lower Feather River RST RL,3/24/2022,fishing,1440.3,7,FALSE,0.002898971,0.002898971,NA,2415,0,0.002898971,83,12,3,2022
Lower Feather River RST RL,3/25/2022,fishing,1410.266667,8,FALSE,0.002898971,0.002898971,NA,2760,0,0.002898971,84,12,3,2022
Lower Feather River RST RL,3/26/2022,fishing,1424.416667,7,FALSE,0.002898971,0.002898971,NA,2415,0,0.002898971,85,12,3,2022
Lower Feather River RST RL,3/27/2022,fishing,1439.966667,9,FALSE,0.002898971,0.002898971,NA,3105,0,0.002898971,86,12,3,2022
Lower Feather River RST RL,3/28/2022,fishing,1440.1,15,FALSE,0.002898971,0.002898971,NA,5174,0,0.002898971,87,13,3,2022
Lower Feather River RST RL,3/29/2022,fishing,1515.233333,7,FALSE,0.002898971,0.002898971,NA,2415,0,0.002898971,88,13,3,2022
Lower Feather River RST RL,3/30/2022,fishing,1379.483333,0,FALSE,0.002898971,0.002898971,NA,0,0,0.002898971,89,13,3,2022
Lower Feather River RST RL,3/31/2022,fishing,1439.933333,79,FALSE,0.002898971,0.002898971,NA,27251,0,0.002898971,90,13,3,2022
Lower Feather River RST RL,4/1/2022,fishing,1440.466667,21,FALSE,0.002898971,0.002898971,NA,7244,0,0.002898971,91,13,4,2022
Lower Feather River RST RL,4/2/2022,fishing,1454.533333,3,FALSE,0.002898971,0.002898971,NA,1035,0,0.002898971,92,13,4,2022
Lower Feather River RST RL,4/3/2022,fishing,1425.266667,11,FALSE,0.002898971,0.002898971,NA,3794,0,0.002898971,93,13,4,2022
Lower Feather River RST RL,4/4/2022,fishing,1440.35,6,FALSE,0.002898971,0.002898971,NA,2070,0,0.002898971,94,14,4,2022
Lower Feather River RST RL,4/5/2022,fishing,1589.3,22,FALSE,0.002898971,0.002898971,NA,7589,0,0.002898971,95,14,4,2022
Lower Feather River RST RL,4/6/2022,fishing,1350.233333,7,FALSE,0.002898971,0.002898971,NA,2415,0,0.002898971,96,14,4,2022
Lower Feather River RST RL,4/7/2022,fishing,1439.85,1,FALSE,0.002898971,0.002898971,0,345,0,0.002898971,97,14,4,2022
Lower Feather River RST RL,4/8/2022,fishing,1380.6,1,FALSE,0.002898971,0.002898971,NA,345,0,0.002898971,98,14,4,2022
Lower Feather River RST RL,4/9/2022,fishing,1470.083333,8,FALSE,0.002898971,0.002898971,NA,2760,0,0.002898971,99,14,4,2022
Lower Feather River RST RL,4/10/2022,fishing,1424.633333,3,FALSE,0.002898971,0.002898971,NA,1035,0,0.002898971,100,14,4,2022
Lower Feather River RST RL,4/11/2022,fishing,1485.5,5,FALSE,0.002898971,0.002898971,NA,1725,0,0.002898971,101,15,4,2022
Lower Feather River RST RL,4/12/2022,fishing,1469.6,6,FALSE,0.002898971,0.002898971,NA,2070,0,0.002898971,102,15,4,2022
Lower Feather River RST RL,4/13/2022,fishing,1409.816667,2,FALSE,0.002898971,0.002898971,NA,690,0,0.002898971,103,15,4,2022
Lower Feather River RST RL,4/14/2022,fishing,1440.05,0,FALSE,0.002898971,0.002898971,0,0,0,0.002898971,104,15,4,2022
Lower Feather River RST RL,4/15/2022,fishing,1410.016667,1,FALSE,0.002898971,0.002898971,NA,345,0,0.002898971,105,15,4,2022
Lower Feather River RST RL,4/16/2022,fishing,1410.583333,1,FALSE,0.002898971,0.002898971,NA,345,0,0.002898971,106,15,4,2022
Lower Feather River RST RL,4/17/2022,fishing,1469.933333,0,FALSE,0.002898971,0.002898971,NA,0,0,0.002898971,107,15,4,2022
Lower Feather River RST RL,4/18/2022,fishing,1439.633333,0,FALSE,0.002898971,0.002898971,NA,0,0,0.002898971,108,16,4,2022
Lower Feather River RST RL,4/19/2022,fishing,1440.116667,0,FALSE,0.002898971,0.002898971,NA,0,0,0.002898971,109,16,4,2022
Lower Feather River RST RL,4/20/2022,fishing,1439.65,2,FALSE,0.002898971,0.002898971,NA,690,0,0.002898971,110,16,4,2022
Lower Feather River RST RL,4/21/2022,fishing,1455.35,0,FALSE,0.002898971,0.002898971,0,0,0,0.002898971,111,16,4,2022
Lower Feather River RST RL,4/22/2022,fishing,1455,1,FALSE,0.002898971,0.002898971,NA,345,0,0.002898971,112,16,4,2022
Lower Feather River RST RL,4/23/2022,fishing,1394.466667,2,FALSE,0.002898971,0.002898971,NA,690,0,0.002898971,113,16,4,2022
Lower Feather River RST RL,4/24/2022,fishing,1470.483333,1,FALSE,0.002898971,0.002898971,NA,345,0,0.002898971,114,16,4,2022
Lower Feather River RST RL,4/25/2022,fishing,1439.416667,3,FALSE,0.002898971,0.002898971,NA,1035,0,0.002898971,115,17,4,2022
Lower Feather River RST RL,4/26/2022,fishing,1470.916667,2,FALSE,0.002898971,0.002898971,NA,690,0,0.002898971,116,17,4,2022
Lower Feather River RST RL,4/27/2022,fishing,1454.283333,2,FALSE,0.002898971,0.002898971,NA,690,0,0.002898971,117,17,4,2022
Lower Feather River RST RL,4/28/2022,fishing,1365.016667,2,FALSE,0.002898971,0.002898971,0,690,0,0.002898971,118,17,4,2022
Lower Feather River RST RL,4/29/2022,fishing,1485.133333,3,FALSE,0.002898971,0.002898971,NA,1035,0,0.002898971,119,17,4,2022
Lower Feather River RST RL,4/30/2022,fishing,1409.8,5,FALSE,0.002898971,0.002898971,NA,1725,0,0.002898971,120,17,4,2022
Lower Feather River RST RL,5/1/2022,fishing,1440.166667,1,FALSE,0.002898971,0.002898971,NA,345,0,0.002898971,121,17,5,2022
Lower Feather River RST RL,5/2/2022,fishing,1440.233333,2,FALSE,0.002898971,0.002898971,0,690,0,0.002898971,122,18,5,2022
Lower Feather River RST RL,5/3/2022,fishing,1314.9,4,FALSE,0.002898971,0.002898971,NA,1380,0,0.002898971,123,18,5,2022
Lower Feather River RST RL,5/4/2022,Not fishing,1440,6.542714375,TRUE,0.002898971,0.002898971,NA,2257,1,0.002898971,124,18,5,2022
Lower Feather River RST RL,5/4/2022,Not fishing,120.6166667,0.548028055,TRUE,0.002898971,0.002898971,NA,189,1,0.002898971,124,18,5,2022
Lower Feather River RST RL,5/5/2022,fishing,1350.2,5,FALSE,0.002898971,0.002898971,NA,1725,0,0.002898971,125,18,5,2022
Lower Feather River RST RL,5/6/2022,fishing,1439.183333,4,FALSE,0.002898971,0.002898971,NA,1380,0,0.002898971,126,18,5,2022
Lower Feather River RST RL,5/7/2022,fishing,1410.133333,2,FALSE,0.002898971,0.002898971,NA,690,0,0.002898971,127,18,5,2022
Lower Feather River RST RL,5/8/2022,fishing,1470.416667,3,FALSE,0.002898971,0.002898971,NA,1035,0,0.002898971,128,18,5,2022
Lower Feather River RST RL,5/9/2022,fishing,1394.483333,6,FALSE,0.002898971,0.002898971,NA,2070,0,0.002898971,129,19,5,2022
Lower Feather River RST RL,5/10/2022,fishing,1484.983333,11,FALSE,0.002898971,0.002898971,0,3794,0,0.002898971,130,19,5,2022
Lower Feather River RST RL,5/11/2022,fishing,1330.1,23,FALSE,0.002898971,0.002898971,NA,7934,0,0.002898971,131,19,5,2022
Lower Feather River RST RL,5/12/2022,fishing,1485.3,27,FALSE,0.002898971,0.002898971,NA,9314,0,0.002898971,132,19,5,2022
Lower Feather River RST RL,5/13/2022,fishing,1409.833333,35,FALSE,0.002898971,0.002898971,NA,12073,0,0.002898971,133,19,5,2022
Lower Feather River RST RL,5/14/2022,fishing,1440.2,33,FALSE,0.002898971,0.002898971,NA,11383,0,0.002898971,134,19,5,2022
Lower Feather River RST RL,5/15/2022,fishing,1424.616667,26,FALSE,0.002898971,0.002898971,NA,8969,0,0.002898971,135,19,5,2022
Lower Feather River RST RL,5/16/2022,fishing,1410.2,13,FALSE,0.002898971,0.002898971,NA,4484,0,0.002898971,136,20,5,2022
Lower Feather River RST RL,5/17/2022,fishing,1455.483333,21,FALSE,0.002898971,0.002898971,NA,7244,0,0.002898971,137,20,5,2022
Lower Feather River RST RL,5/18/2022,fishing,1424.483333,6,FALSE,0.002898971,0.002898971,NA,2070,0,0.002898971,138,20,5,2022
Lower Feather River RST RL,5/19/2022,fishing,1484.783333,6,FALSE,0.002898971,0.002898971,NA,2070,0,0.002898971,139,20,5,2022
Lower Feather River RST RL,5/20/2022,fishing,1440.066667,6,FALSE,0.002898971,0.002898971,0,2070,0,0.002898971,140,20,5,2022
Lower Feather River RST RL,5/21/2022,fishing,1345.716667,7,FALSE,0.002898971,0.002898971,NA,2415,0,0.002898971,141,20,5,2022
Lower Feather River RST RL,5/22/2022,fishing,1439.2,1,FALSE,0.002898971,0.002898971,NA,345,0,0.002898971,142,20,5,2022
Lower Feather River RST RL,5/23/2022,fishing,1410.85,1,FALSE,0.002898971,0.002898971,NA,345,0,0.002898971,143,21,5,2022
Lower Feather River RST RL,5/24/2022,fishing,1469.266667,1,FALSE,0.002898971,0.002898971,NA,345,0,0.002898971,144,21,5,2022
Lower Feather River RST RL,5/25/2022,fishing,1455.15,4,FALSE,0.002898971,0.002898971,NA,1380,0,0.002898971,145,21,5,2022
Lower Feather River RST RL,5/26/2022,Not fishing,1440,3.447091605,TRUE,0.002898971,0.002898971,NA,1189,1,0.002898971,146,21,5,2022
Lower Feather River RST RL,5/27/2022,Not fishing,1424.9,3.297782473,TRUE,0.002898971,0.002898971,NA,1138,1,0.002898971,147,21,5,2022
Lower Feather River RST RL,5/28/2022,fishing,1394.983333,1,FALSE,0.002898971,0.002898971,NA,345,0,0.002898971,148,21,5,2022
Lower Feather River RST RL,5/29/2022,fishing,1515.416667,1,FALSE,0.002898971,0.002898971,NA,345,0,0.002898971,149,21,5,2022
Lower Feather River RST RL,5/30/2022,fishing,1379.983333,3,FALSE,0.002898971,0.002898971,0,1035,0,0.002898971,150,22,5,2022
Lower Feather River RST RL,5/31/2022,fishing,1359.833333,1,FALSE,0.002898971,0.002898971,NA,345,0,0.002898971,151,22,5,2022
Lower Feather River RST RL,6/1/2022,fishing,1425.3,4,FALSE,0.002898971,0.002898971,NA,1380,0,0.002898971,152,22,6,2022
Lower Feather River RST RL,6/2/2022,fishing,1395.3,0,FALSE,0.002898971,0.002898971,NA,0,0,0.002898971,153,22,6,2022
Lower Feather River RST RL,6/3/2022,fishing,1484.633333,1,FALSE,0.002898971,0.002898971,NA,345,0,0.002898971,154,22,6,2022
Lower Feather River RST RL,6/4/2022,fishing,1470.683333,0,FALSE,0.002898971,0.002898971,NA,0,0,0.002898971,155,22,6,2022
Lower Feather River RST RL,6/5/2022,fishing,1409.166667,2,FALSE,0.002898971,0.002898971,0,690,0,0.002898971,156,22,6,2022
Lower Feather River RST RL,6/6/2022,fishing,1315.6,0,FALSE,0.002898971,0.002898971,NA,0,0,0.002898971,157,23,6,2022
Lower Feather River RST RL,6/7/2022,fishing,1425.116667,0,FALSE,0.002898971,0.002898971,NA,0,0,0.002898971,158,23,6,2022
Lower Feather River RST RL,6/8/2022,fishing,1484.283333,0,FALSE,0.002898971,0.002898971,NA,0,0,0.002898971,159,23,6,2022
Lower Feather River RST RL,6/9/2022,fishing,1395.283333,0,FALSE,0.002898971,0.002898971,NA,0,0,0.002898971,160,23,6,2022
Lower Feather River RST RL,6/13/2022,Not fishing,1375.716667,1.687441762,TRUE,0.002898971,0.002898971,NA,582,1,0.002898971,164,24,6,2022
Lower Feather River RST RL,6/14/2022,fishing,1409.883333,0,FALSE,0.002898971,0.002898971,NA,0,0,0.002898971,165,24,6,2022
Lower Feather River RST RL,6/15/2022,fishing,1469.416667,1,FALSE,0.002898971,0.002898971,NA,345,0,0.002898971,166,24,6,2022
Lower Feather River RST RL,6/16/2022,fishing,1485.483333,0,FALSE,0.002898971,0.002898971,NA,0,0,0.002898971,167,24,6,2022
Lower Feather River RST RL,6/17/2022,fishing,1365.133333,0,FALSE,0.002898971,0.002898971,NA,0,0,0.002898971,168,24,6,2022
Lower Feather River RST RL,6/18/2022,fishing,1454.816667,0,FALSE,0.002898971,0.002898971,NA,0,0,0.002898971,169,24,6,2022
Lower Feather River RST RL,6/19/2022,fishing,1485,0,FALSE,0.002898971,0.002898971,NA,0,0,0.002898971,170,24,6,2022
Lower Feather River RST RL,6/20/2022,fishing,1365.25,0,FALSE,0.002898971,0.002898971,NA,0,0,0.002898971,171,25,6,2022
Lower Feather River RST RL,6/21/2022,fishing,1484.783333,0,FALSE,0.002898971,0.002898971,NA,0,0,0.002898971,172,25,6,2022
Lower Feather River RST RL,6/22/2022,fishing,1410.3,0,FALSE,NA,NA,NA,NA,0,NA,173,25,6,2022
Lower Feather River RST RR,1/20/2022,fishing,1334.183333,7,FALSE,0.010659653,0.010659653,NA,657,0,0.010659653,20,3,1,2022
Lower Feather River RST RR,1/21/2022,fishing,1440.4,6,FALSE,0.010659653,0.010659653,NA,563,0,0.010659653,21,3,1,2022
Lower Feather River RST RR,1/22/2022,fishing,1409.716667,5,FALSE,0.010659653,0.010659653,NA,469,0,0.010659653,22,3,1,2022
Lower Feather River RST RR,1/23/2022,fishing,1620.533333,4,FALSE,0.010659653,0.010659653,NA,375,0,0.010659653,23,3,1,2022
Lower Feather River RST RR,1/24/2022,fishing,1274.416667,6,FALSE,0.010659653,0.010659653,NA,563,0,0.010659653,24,4,1,2022
Lower Feather River RST RR,1/25/2022,fishing,1395,5,FALSE,0.010659653,0.010659653,NA,469,0,0.010659653,25,4,1,2022
Lower Feather River RST RR,1/26/2022,fishing,1455.066667,2,FALSE,0.010659653,0.010659653,NA,188,0,0.010659653,26,4,1,2022
Lower Feather River RST RR,1/27/2022,fishing,1440.433333,4,FALSE,0.010659653,0.010659653,NA,375,0,0.010659653,27,4,1,2022
Lower Feather River RST RR,1/28/2022,fishing,1454.583333,1,FALSE,0.010659653,0.010659653,NA,94,0,0.010659653,28,4,1,2022
Lower Feather River RST RR,1/29/2022,fishing,1455.333333,1,FALSE,0.010659653,0.010659653,NA,94,0,0.010659653,29,4,1,2022
Lower Feather River RST RR,1/30/2022,fishing,1440.316667,5,FALSE,0.010659653,0.010659653,NA,469,0,0.010659653,30,4,1,2022
Lower Feather River RST RR,2/1/2022,fishing,1484.55,12,FALSE,0.010659653,0.010659653,NA,1126,0,0.010659653,32,5,2,2022
Lower Feather River RST RR,2/2/2022,fishing,1379.9,28,FALSE,0.006150794,0.006144393,0.006144393,4557,0,0.006150794,33,5,2,2022
Lower Feather River RST RR,2/3/2022,fishing,1515,13,FALSE,0.006896638,0.006896638,NA,1885,0,0.006896638,34,5,2,2022
Lower Feather River RST RR,2/4/2022,fishing,1394.883333,27,FALSE,0.007667756,0.007667756,NA,3521,0,0.007667756,35,5,2,2022
Lower Feather River RST RR,2/5/2022,fishing,1440.333333,4,FALSE,0.008455097,0.008455097,NA,473,0,0.008455097,36,5,2,2022
Lower Feather River RST RR,2/6/2022,Not fishing,1440,19.67491186,TRUE,0.009248763,0.009248763,NA,2127,1,0.009248763,37,5,2,2022
Lower Feather River RST RR,2/7/2022,Not fishing,1440,20.76584278,TRUE,0.01003827,0.01003827,NA,2069,1,0.01003827,38,6,2,2022
Lower Feather River RST RR,2/8/2022,Not fishing,1469.966667,22.21316887,TRUE,0.010812842,0.010812842,NA,2054,1,0.010812842,39,6,2,2022
Lower Feather River RST RR,2/9/2022,fishing,1440.583333,4,FALSE,0.011561716,0.011561716,NA,346,0,0.011561716,40,6,2,2022
Lower Feather River RST RR,2/10/2022,fishing,1379.766667,6,FALSE,0.012274439,0.012274439,NA,489,0,0.012274439,41,6,2,2022
Lower Feather River RST RR,2/11/2022,fishing,1469.366667,3,FALSE,0.01294116,0.01294116,NA,232,0,0.01294116,42,6,2,2022
Lower Feather River RST RR,2/12/2022,fishing,1410.666667,17,FALSE,0.013552887,0.013552887,NA,1254,0,0.013552887,43,6,2,2022
Lower Feather River RST RR,2/13/2022,fishing,1469.933333,40,FALSE,0.014101715,0.014101715,NA,2837,0,0.014101715,44,6,2,2022
Lower Feather River RST RR,2/14/2022,fishing,1410.133333,48,FALSE,0.014581002,0.014581002,NA,3292,0,0.014581002,45,7,2,2022
Lower Feather River RST RR,2/15/2022,fishing,1469.733333,15,FALSE,0.014985505,0.014985505,NA,1001,0,0.014985505,46,7,2,2022
Lower Feather River RST RR,2/16/2022,fishing,1455.1,14,FALSE,0.015311459,0.015311459,NA,914,0,0.015311459,47,7,2,2022
Lower Feather River RST RR,2/17/2022,fishing,1395.066667,53,FALSE,0.015556606,0.015556606,NA,3407,0,0.015556606,48,7,2,2022
Lower Feather River RST RR,2/18/2022,fishing,1469.75,70,FALSE,0.015720179,0.015720179,NA,4453,0,0.015720179,49,7,2,2022
Lower Feather River RST RR,2/19/2022,fishing,1409.633333,1,FALSE,0.015802836,0.015802836,NA,63,0,0.015802836,50,7,2,2022
Lower Feather River RST RR,2/20/2022,fishing,1470.283333,56,FALSE,0.015806567,0.015806567,NA,3543,0,0.015806567,51,7,2,2022
Lower Feather River RST RR,2/21/2022,fishing,1424.766667,49,FALSE,0.015734557,0.015734557,NA,3114,0,0.015734557,52,8,2,2022
Lower Feather River RST RR,2/22/2022,fishing,1425.366667,18,FALSE,0.015591036,0.015591036,NA,1155,0,0.015591036,53,8,2,2022
Lower Feather River RST RR,2/23/2022,fishing,1425.316667,22,FALSE,0.015381103,0.015381103,NA,1430,0,0.015381103,54,8,2,2022
Lower Feather River RST RR,2/24/2022,fishing,1485.083333,5,FALSE,0.015110553,0.015110553,NA,331,0,0.015110553,55,8,2,2022
Lower Feather River RST RR,2/25/2022,fishing,1394.483333,12,FALSE,0.014785695,0.014842301,0.014842301,808,0,0.014785695,56,8,2,2022
Lower Feather River RST RR,2/26/2022,fishing,1455.016667,53,FALSE,0.014413171,0.014413171,NA,3677,0,0.014413171,57,8,2,2022
Lower Feather River RST RR,3/1/2022,fishing,1485.35,17,FALSE,0.013077658,0.013077658,NA,1300,0,0.013077658,60,9,3,2022
Lower Feather River RST RR,3/2/2022,fishing,1424.583333,21,FALSE,0.012582075,0.012582075,NA,1669,0,0.012582075,61,9,3,2022
Lower Feather River RST RR,3/3/2022,fishing,1470.35,16,FALSE,0.012071766,0.012071766,NA,1325,0,0.012071766,62,9,3,2022
Lower Feather River RST RR,3/4/2022,fishing,1365.083333,10,FALSE,0.011552446,0.011552446,NA,866,0,0.011552446,63,9,3,2022
Lower Feather River RST RR,3/5/2022,fishing,1454.55,11,FALSE,0.011029359,0.011029359,NA,997,0,0.011029359,64,9,3,2022
Lower Feather River RST RR,3/6/2022,fishing,1440.383333,13,FALSE,0.010507239,0.010507239,NA,1237,0,0.010507239,65,9,3,2022
Lower Feather River RST RR,3/7/2022,fishing,1454.716667,4,FALSE,0.009990286,0.009990286,NA,400,0,0.009990286,66,10,3,2022
Lower Feather River RST RR,3/8/2022,fishing,1440.3,8,FALSE,0.009482167,0.009482167,NA,844,0,0.009482167,67,10,3,2022
Lower Feather River RST RR,3/9/2022,fishing,1455.133333,9,FALSE,0.008986014,0.008986014,NA,1002,0,0.008986014,68,10,3,2022
Lower Feather River RST RR,3/10/2022,fishing,1424.516667,8,FALSE,0.008504449,0.008504449,NA,941,0,0.008504449,69,10,3,2022
Lower Feather River RST RR,3/11/2022,fishing,1425.666667,32,FALSE,0.008039607,0.008039607,NA,3980,0,0.008039607,70,10,3,2022
Lower Feather River RST RR,3/12/2022,fishing,1454.183333,26,FALSE,0.00759317,0.00759317,NA,3424,0,0.00759317,71,10,3,2022
Lower Feather River RST RR,3/13/2022,fishing,1410,9,FALSE,0.007166407,0.007166407,NA,1256,0,0.007166407,72,10,3,2022
Lower Feather River RST RR,3/14/2022,fishing,1410.4,4,FALSE,0.006776718,0.006776718,NA,590,0,0.006776718,73,11,3,2022
Lower Feather River RST RR,3/15/2022,fishing,1469.9,12,FALSE,0.006390769,0.006390769,NA,1878,0,0.006390769,74,11,3,2022
Lower Feather River RST RR,3/16/2022,fishing,1409.7,32,FALSE,0.006026219,0.006026219,NA,5310,0,0.006026219,75,11,3,2022
Lower Feather River RST RR,3/17/2022,fishing,1470.6,43,FALSE,0.005683107,0.005683107,NA,7566,0,0.005683107,76,11,3,2022
Lower Feather River RST RR,3/18/2022,fishing,1395.066667,22,FALSE,0.005361259,0.005361259,NA,4104,0,0.005361259,77,11,3,2022
Lower Feather River RST RR,3/19/2022,fishing,1439.8,21,FALSE,0.00506033,0.00506033,NA,4150,0,0.00506033,78,11,3,2022
Lower Feather River RST RR,3/20/2022,fishing,1440.366667,39,FALSE,0.004779836,0.004779836,NA,8159,0,0.004779836,79,11,3,2022
Lower Feather River RST RR,3/21/2022,fishing,1439.466667,28,FALSE,0.00451919,0.00451919,NA,6196,0,0.00451919,80,12,3,2022
Lower Feather River RST RR,3/22/2022,fishing,1484.666667,32,FALSE,0.004277723,0.004277723,NA,7481,0,0.004277723,81,12,3,2022
Lower Feather River RST RR,3/23/2022,fishing,1440.266667,16,FALSE,0.004054716,0.004054716,NA,3946,0,0.004054716,82,12,3,2022
Lower Feather River RST RR,3/24/2022,fishing,1440.533333,13,FALSE,0.003849419,0.003849419,NA,3377,0,0.003849419,83,12,3,2022
Lower Feather River RST RR,3/25/2022,fishing,1409.316667,2,FALSE,0.003661071,0.003661071,NA,546,0,0.003661071,84,12,3,2022
Lower Feather River RST RR,3/26/2022,fishing,1425.2,7,FALSE,0.003488915,0.003488915,NA,2006,0,0.003488915,85,12,3,2022
Lower Feather River RST RR,3/27/2022,fishing,1440.6,6,FALSE,0.003332217,0.003332217,NA,1801,0,0.003332217,86,12,3,2022
Lower Feather River RST RR,3/28/2022,fishing,1439.05,7,FALSE,0.003190274,0.003190274,NA,2194,0,0.003190274,87,13,3,2022
Lower Feather River RST RR,3/29/2022,fishing,1515.916667,16,FALSE,0.003062426,0.003062426,NA,5225,0,0.003062426,88,13,3,2022
Lower Feather River RST RR,3/30/2022,fishing,1379.116667,1,FALSE,0.002948067,0.002948067,NA,339,0,0.002948067,89,13,3,2022
Lower Feather River RST RR,3/31/2022,fishing,1440.783333,192,FALSE,0.002846652,0.002846652,NA,67448,0,0.002846652,90,13,3,2022
Lower Feather River RST RR,4/1/2022,fishing,1439.6,30,FALSE,0.002757705,0.002757705,NA,10879,0,0.002757705,91,13,4,2022
Lower Feather River RST RR,4/2/2022,fishing,1455.1,12,FALSE,0.002680825,0.002680825,NA,4476,0,0.002680825,92,13,4,2022
Lower Feather River RST RR,4/3/2022,fishing,1424.616667,13,FALSE,0.002615698,0.002615698,NA,4970,0,0.002615698,93,13,4,2022
Lower Feather River RST RR,4/4/2022,fishing,1440.233333,6,FALSE,0.002562101,0.002562101,NA,2342,0,0.002562101,94,14,4,2022
Lower Feather River RST RR,4/5/2022,fishing,1590.483333,23,FALSE,0.002519911,0.002519911,NA,9127,0,0.002519911,95,14,4,2022
Lower Feather River RST RR,4/6/2022,fishing,1349.933333,9,FALSE,0.002489117,0.002489117,NA,3616,0,0.002489117,96,14,4,2022
Lower Feather River RST RR,4/7/2022,fishing,1439.833333,0,FALSE,0.002469833,0.003773585,0.003773585,0,0,0.002469833,97,14,4,2022
Lower Feather River RST RR,4/8/2022,fishing,1379.833333,10,FALSE,0.002462309,0.002462309,NA,4061,0,0.002462309,98,14,4,2022
Lower Feather River RST RR,4/9/2022,fishing,1469.716667,6,FALSE,0.002466934,0.002466934,NA,2432,0,0.002466934,99,14,4,2022
Lower Feather River RST RR,4/10/2022,fishing,1425.1,6,FALSE,0.00248379,0.00248379,NA,2416,0,0.00248379,100,14,4,2022
Lower Feather River RST RR,4/11/2022,fishing,1485.366667,2,FALSE,0.002512654,0.002512654,NA,796,0,0.002512654,101,15,4,2022
Lower Feather River RST RR,4/12/2022,fishing,1469.616667,5,FALSE,0.002553437,0.002553437,NA,1958,0,0.002553437,102,15,4,2022
Lower Feather River RST RR,4/13/2022,fishing,1410.316667,9,FALSE,0.002606193,0.001897533,0.001897533,4743,0,0.002606193,103,15,4,2022
Lower Feather River RST RR,4/14/2022,fishing,1439.983333,1,FALSE,0.002671105,0.002671105,NA,374,0,0.002671105,104,15,4,2022
Lower Feather River RST RR,4/15/2022,fishing,1410.366667,0,FALSE,0.002748479,0.002748479,NA,0,0,0.002748479,105,15,4,2022
Lower Feather River RST RR,4/16/2022,fishing,1409.916667,5,FALSE,0.002838737,0.002838737,NA,1761,0,0.002838737,106,15,4,2022
Lower Feather River RST RR,4/17/2022,fishing,1469.95,0,FALSE,0.002942409,0.002942409,NA,0,0,0.002942409,107,15,4,2022
Lower Feather River RST RR,4/18/2022,fishing,1440.016667,2,FALSE,0.003060132,0.003060132,NA,654,0,0.003060132,108,16,4,2022
Lower Feather River RST RR,4/19/2022,fishing,1439.4,0,FALSE,0.003192642,0.003192642,NA,0,0,0.003192642,109,16,4,2022
Lower Feather River RST RR,4/20/2022,fishing,1440.733333,0,FALSE,0.003340775,0.003340775,NA,0,0,0.003340775,110,16,4,2022
Lower Feather River RST RR,4/21/2022,fishing,1454.583333,0,FALSE,0.00350546,0.00350546,0,0,0,0.00350546,111,16,4,2022
Lower Feather River RST RR,4/22/2022,fishing,1454.833333,0,FALSE,0.003687714,0.003687714,NA,0,0,0.003687714,112,16,4,2022
Lower Feather River RST RR,4/23/2022,fishing,1395.583333,0,FALSE,0.00388864,0.00388864,NA,0,0,0.00388864,113,16,4,2022
Lower Feather River RST RR,4/24/2022,fishing,1470.016667,1,FALSE,0.004109417,0.004109417,NA,243,0,0.004109417,114,16,4,2022
Lower Feather River RST RR,4/25/2022,fishing,1439.816667,2,FALSE,0.004351293,0.004351293,NA,460,0,0.004351293,115,17,4,2022
Lower Feather River RST RR,4/26/2022,fishing,1469.566667,1,FALSE,0.004615575,0.004615575,NA,217,0,0.004615575,116,17,4,2022
Lower Feather River RST RR,4/27/2022,fishing,1454.733333,1,FALSE,0.004903613,0.004903613,NA,204,0,0.004903613,117,17,4,2022
Lower Feather River RST RR,4/28/2022,fishing,1440.5,0,FALSE,0.005216788,0.002,0.002,0,0,0.005216788,118,17,4,2022
Lower Feather River RST RR,4/29/2022,fishing,1410.15,2,FALSE,0.005556487,0.005556487,NA,360,0,0.005556487,119,17,4,2022
Lower Feather River RST RR,4/30/2022,fishing,1409.416667,3,FALSE,0.005924085,0.005924085,NA,506,0,0.005924085,120,17,4,2022
Lower Feather River RST RR,5/1/2022,fishing,1440.4,2,FALSE,0.00632091,0.00632091,NA,316,0,0.00632091,121,17,5,2022
Lower Feather River RST RR,5/2/2022,fishing,1440.183333,2,FALSE,0.006748218,0.006748218,NA,296,0,0.006748218,122,18,5,2022
Lower Feather River RST RR,5/3/2022,fishing,1315.233333,2,FALSE,0.007207147,0.018,0.018,111,0,0.007207147,123,18,5,2022
Lower Feather River RST RR,5/4/2022,Not fishing,1440,2.570489077,TRUE,0.00769868,0.00769868,NA,334,1,0.00769868,124,18,5,2022
Lower Feather River RST RR,5/4/2022,Not fishing,120.35,0.215615504,TRUE,0.00769868,0.00769868,NA,28,1,0.00769868,124,18,5,2022
Lower Feather River RST RR,5/5/2022,fishing,1349.983333,5,FALSE,0.008223593,0.008223593,NA,608,0,0.008223593,125,18,5,2022
Lower Feather River RST RR,5/6/2022,fishing,1439.466667,0,FALSE,0.008782404,0.008782404,NA,0,0,0.008782404,126,18,5,2022
Lower Feather River RST RR,5/7/2022,fishing,1410.4,3,FALSE,0.009375314,0.009375314,NA,320,0,0.009375314,127,18,5,2022
Lower Feather River RST RR,5/8/2022,fishing,1470.15,1,FALSE,0.010002142,0.010002142,NA,100,0,0.010002142,128,18,5,2022
Lower Feather River RST RR,5/9/2022,fishing,1395.166667,5,FALSE,0.010662267,0.010662267,NA,469,0,0.010662267,129,19,5,2022
Lower Feather River RST RR,5/10/2022,fishing,1484.35,1,FALSE,0.011354555,0.011354555,NA,88,0,0.011354555,130,19,5,2022
Lower Feather River RST RR,5/11/2022,fishing,1329.883333,3,FALSE,0.012077295,0.004,0.004,750,0,0.012077295,131,19,5,2022
Lower Feather River RST RR,5/12/2022,fishing,1485.033333,29,FALSE,0.012828133,0.012828133,NA,2261,0,0.012828133,132,19,5,2022
Lower Feather River RST RR,5/13/2022,fishing,1410.033333,29,FALSE,0.013604011,0.013604011,NA,2132,0,0.013604011,133,19,5,2022
Lower Feather River RST RR,5/14/2022,fishing,1440.683333,31,FALSE,0.014401116,0.014401116,NA,2153,0,0.014401116,134,19,5,2022
Lower Feather River RST RR,5/15/2022,fishing,1424.616667,21,FALSE,0.015214834,0.015214834,NA,1380,0,0.015214834,135,19,5,2022
Lower Feather River RST RR,5/16/2022,fishing,1409.6,8,FALSE,0.016039721,0.016039721,NA,499,0,0.016039721,136,20,5,2022
Lower Feather River RST RR,5/17/2022,fishing,1455.383333,18,FALSE,0.016869488,0.016869488,NA,1067,0,0.016869488,137,20,5,2022
Lower Feather River RST RR,5/18/2022,fishing,1424.95,8,FALSE,0.017697008,0.017697008,NA,452,0,0.017697008,138,20,5,2022
Lower Feather River RST RR,5/19/2022,fishing,1484.666667,13,FALSE,0.018514349,0.018514349,NA,702,0,0.018514349,139,20,5,2022
Lower Feather River RST RR,5/20/2022,fishing,1440.216667,4,FALSE,0.019312822,0.019312822,NA,207,0,0.019312822,140,20,5,2022
Lower Feather River RST RR,5/21/2022,fishing,1345.65,6,FALSE,0.020083072,0.03,0.03,200,0,0.020083072,141,20,5,2022
Lower Feather River RST RR,5/22/2022,fishing,1439.583333,0,FALSE,0.020815187,0.020815187,NA,0,0,0.020815187,142,20,5,2022
Lower Feather River RST RR,5/23/2022,fishing,1409.683333,2,FALSE,0.021498845,0.021498845,NA,93,0,0.021498845,143,21,5,2022
Lower Feather River RST RR,5/24/2022,fishing,1470.65,4,FALSE,0.022123483,0.022123483,NA,181,0,0.022123483,144,21,5,2022
Lower Feather River RST RR,5/25/2022,fishing,1454.733333,3,FALSE,0.022678506,0.022678506,NA,132,0,0.022678506,145,21,5,2022
Lower Feather River RST RR,5/26/2022,Not fishing,1440,0.948373704,TRUE,0.023153512,0.023153512,NA,41,1,0.023153512,146,21,5,2022
Lower Feather River RST RR,5/27/2022,Not fishing,1425.4,0.347736117,TRUE,0.023538539,0.023538539,NA,15,1,0.023538539,147,21,5,2022
Lower Feather River RST RR,5/28/2022,fishing,1394.8,0,FALSE,0.023824331,0.023824331,NA,0,0,0.023824331,148,21,5,2022
Lower Feather River RST RR,5/29/2022,fishing,1514.5,0,FALSE,0.024002611,0.024002611,NA,0,0,0.024002611,149,21,5,2022
Lower Feather River RST RR,5/30/2022,fishing,1380.65,1,FALSE,0.024066347,0.024066347,NA,42,0,0.024066347,150,22,5,2022
Lower Feather River RST RR,5/31/2022,fishing,1360.583333,0,FALSE,0.024010019,0.012,0.012,0,0,0.024010019,151,22,5,2022
Lower Feather River RST RR,6/1/2022,fishing,1424.733333,1,FALSE,0.023829852,0.023829852,NA,42,0,0.023829852,152,22,6,2022
Lower Feather River RST RR,6/2/2022,fishing,1394.833333,0,FALSE,0.023524031,0.023524031,NA,0,0,0.023524031,153,22,6,2022
Lower Feather River RST RR,6/3/2022,fishing,1485.516667,0,FALSE,0.023092859,0.023092859,NA,0,0,0.023092859,154,22,6,2022
Lower Feather River RST RR,6/4/2022,fishing,1469.4,0,FALSE,0.022538878,0.022538878,NA,0,0,0.022538878,155,22,6,2022
Lower Feather River RST RR,6/5/2022,fishing,1410.7,0,FALSE,0.021866913,0.021866913,NA,0,0,0.021866913,156,22,6,2022
Lower Feather River RST RR,6/6/2022,fishing,1315.133333,1,FALSE,0.02108406,0.026,0.026,38,0,0.02108406,157,23,6,2022
Lower Feather River RST RR,6/7/2022,fishing,1425.266667,0,FALSE,0.020199591,0.020199591,NA,0,0,0.020199591,158,23,6,2022
Lower Feather River RST RR,6/8/2022,fishing,1485.1,0,FALSE,0.019224791,0.019224791,NA,0,0,0.019224791,159,23,6,2022
Lower Feather River RST RR,6/9/2022,fishing,1394.383333,0,FALSE,0.018172711,0.018172711,NA,0,0,0.018172711,160,23,6,2022
Lower Feather River RST RR,6/13/2022,Not fishing,1374.916667,2.20192426007716e-26,TRUE,0.013495562,0.014,0.014,0,1,0.013495562,164,24,6,2022
Lower Feather River RST RR,6/14/2022,fishing,1410.25,0,FALSE,0.010659653,0.010659653,NA,0,0,0.010659653,165,24,6,2022
Lower Feather River RST RR,6/15/2022,fishing,1470.116667,0,FALSE,0.010659653,0.010659653,NA,0,0,0.010659653,166,24,6,2022
Lower Feather River RST RR,6/16/2022,fishing,1484.633333,0,FALSE,0.010659653,0.010659653,NA,0,0,0.010659653,167,24,6,2022
Lower Feather River RST RR,6/17/2022,fishing,1365.75,0,FALSE,0.010659653,0.010659653,NA,0,0,0.010659653,168,24,6,2022
Lower Feather River RST RR,6/18/2022,fishing,1454.966667,0,FALSE,0.010659653,0.010659653,NA,0,0,0.010659653,169,24,6,2022
Lower Feather River RST RR,6/19/2022,fishing,1484.65,0,FALSE,0.010659653,0.010659653,NA,0,0,0.010659653,170,24,6,2022
Lower Feather River RST RR,6/20/2022,fishing,2085.283333,0,FALSE,0.010659653,0.010659653,NA,0,0,0.010659653,171,25,6,2022
Lower Feather River RST RR,6/21/2022,fishing,765.2,0,FALSE,0.010659653,0.010659653,NA,0,0,0.010659653,172,25,6,2022
Lower Feather River RST RR,6/22/2022,fishing,1409.566667,0,FALSE,NA,NA,NA,NA,0,NA,173,25,6,2022
